# Blender 5.0.1
# www.blender.org
o OilLamp
v 0.006552 0.061014 -0.032938
v 0.006617 0.137553 -0.033264
v 0.018658 0.061014 -0.027923
v 0.018842 0.137553 -0.028200
v 0.027923 0.061014 -0.018658
v 0.028200 0.137553 -0.018842
v 0.032938 0.061014 -0.006552
v 0.033264 0.137553 -0.006617
v 0.032938 0.061014 0.006552
v 0.033264 0.137553 0.006617
v 0.027923 0.061014 0.018658
v 0.028200 0.137553 0.018842
v 0.018658 0.061014 0.027923
v 0.018842 0.137553 0.028200
v 0.006552 0.061014 0.032938
v 0.006617 0.137553 0.033264
v -0.006552 0.061014 0.032938
v -0.006617 0.137553 0.033264
v -0.018658 0.061014 0.027923
v -0.018842 0.137553 0.028200
v -0.027923 0.061014 0.018658
v -0.028200 0.137553 0.018842
v -0.032938 0.061014 0.006552
v -0.033264 0.137553 0.006617
v -0.032938 0.061014 -0.006552
v -0.033264 0.137553 -0.006617
v -0.027923 0.061014 -0.018658
v -0.028200 0.137553 -0.018842
v -0.018658 0.061014 -0.027923
v -0.018842 0.137553 -0.028200
v -0.006552 0.061014 -0.032938
v -0.006617 0.137553 -0.033264
v 0.007684 0.125052 -0.038630
v 0.007867 0.114807 -0.039549
v 0.007858 0.079250 -0.039503
v 0.021882 0.125052 -0.032749
v 0.022403 0.114807 -0.033528
v 0.022377 0.079250 -0.033489
v 0.032749 0.125052 -0.021882
v 0.033528 0.114807 -0.022403
v 0.033489 0.079250 -0.022377
v 0.038630 0.125052 -0.007684
v 0.039549 0.114807 -0.007867
v 0.039503 0.079250 -0.007858
v 0.038630 0.125052 0.007684
v 0.039549 0.114807 0.007867
v 0.039503 0.079250 0.007858
v 0.032749 0.125052 0.021882
v 0.033528 0.114807 0.022403
v 0.033489 0.079250 0.022377
v 0.021882 0.125052 0.032749
v 0.022403 0.114807 0.033528
v 0.022377 0.079250 0.033489
v 0.007684 0.125052 0.038630
v 0.007867 0.114807 0.039549
v 0.007858 0.079250 0.039503
v -0.007684 0.125052 0.038630
v -0.007867 0.114807 0.039549
v -0.007858 0.079250 0.039503
v -0.021882 0.125052 0.032749
v -0.022403 0.114807 0.033528
v -0.022377 0.079250 0.033489
v -0.032749 0.125052 0.021882
v -0.033528 0.114807 0.022403
v -0.033489 0.079250 0.022377
v -0.038630 0.125052 0.007684
v -0.039549 0.114807 0.007867
v -0.039503 0.079250 0.007858
v -0.038630 0.125052 -0.007684
v -0.039549 0.114807 -0.007867
v -0.039503 0.079250 -0.007858
v -0.032749 0.125052 -0.021882
v -0.033528 0.114807 -0.022403
v -0.033489 0.079250 -0.022377
v -0.021882 0.125052 -0.032749
v -0.022403 0.114807 -0.033528
v -0.022377 0.079250 -0.033489
v -0.007684 0.125052 -0.038630
v -0.007867 0.114807 -0.039549
v -0.007858 0.079250 -0.039503
v 0.007234 0.132618 -0.036367
v 0.020600 0.132618 -0.030830
v 0.030830 0.132618 -0.020600
v 0.036367 0.132618 -0.007234
v 0.036367 0.132618 0.007234
v 0.030830 0.132618 0.020600
v 0.020600 0.132618 0.030830
v 0.007234 0.132618 0.036367
v -0.007234 0.132618 0.036367
v -0.020600 0.132618 0.030830
v -0.030830 0.132618 0.020600
v -0.036367 0.132618 0.007234
v -0.036367 0.132618 -0.007234
v -0.030830 0.132618 -0.020600
v -0.020600 0.132618 -0.030830
v -0.007234 0.132618 -0.036367
v 0.007311 0.064283 -0.036755
v 0.020820 0.064283 -0.031160
v 0.031160 0.064283 -0.020820
v 0.036755 0.064283 -0.007311
v 0.036755 0.064283 0.007311
v 0.031160 0.064283 0.020820
v 0.020820 0.064283 0.031160
v 0.007311 0.064283 0.036755
v -0.007311 0.064283 0.036755
v -0.020820 0.064283 0.031160
v -0.031160 0.064283 0.020820
v -0.036755 0.064283 0.007311
v -0.036755 0.064283 -0.007311
v -0.031160 0.064283 -0.020820
v -0.020820 0.064283 -0.031160
v -0.007311 0.064283 -0.036755
v 0.005574 0.058901 -0.028022
v 0.015873 0.058901 -0.023756
v 0.023756 0.058901 -0.015873
v 0.028022 0.058901 -0.005574
v 0.028022 0.058901 0.005574
v 0.023756 0.058901 0.015873
v 0.015873 0.058901 0.023756
v 0.005574 0.058901 0.028022
v -0.005574 0.058901 0.028022
v -0.015873 0.058901 0.023756
v -0.023756 0.058901 0.015873
v -0.028022 0.058901 0.005574
v -0.028022 0.058901 -0.005574
v -0.023756 0.058901 -0.015873
v -0.015873 0.058901 -0.023756
v -0.005574 0.058901 -0.028022
v 0.005574 0.055431 -0.028022
v 0.015873 0.055431 -0.023756
v 0.023756 0.055431 -0.015873
v 0.028022 0.055431 -0.005574
v 0.028022 0.055431 0.005574
v 0.023756 0.055431 0.015873
v 0.015873 0.055431 0.023756
v 0.005574 0.055431 0.028022
v -0.005574 0.055431 0.028022
v -0.015873 0.055431 0.023756
v -0.023756 0.055431 0.015873
v -0.028022 0.055431 0.005574
v -0.028022 0.055431 -0.005574
v -0.023756 0.055431 -0.015873
v -0.015873 0.055431 -0.023756
v -0.005574 0.055431 -0.028022
v -0.000317 0.135788 -0.036155
v -0.014153 0.135788 -0.033403
v -0.025883 0.135788 -0.025565
v -0.033720 0.135788 -0.013836
v -0.036472 0.135788 -0.000000
v -0.033720 0.135788 0.013836
v -0.025883 0.135788 0.025566
v -0.014153 0.135788 0.033403
v -0.000317 0.135788 0.036155
v 0.013519 0.135788 0.033403
v 0.025248 0.135788 0.025566
v 0.033086 0.135788 0.013836
v 0.035838 0.135788 -0.000000
v 0.033086 0.135788 -0.013836
v 0.025248 0.135788 -0.025565
v 0.013519 0.135788 -0.033403
v -0.000317 0.137925 -0.034001
v -0.013329 0.137925 -0.031413
v -0.024360 0.137925 -0.024042
v -0.031730 0.137925 -0.013012
v -0.034318 0.137925 -0.000000
v -0.031730 0.137925 0.013012
v -0.024396 0.137827 0.024082
v -0.013329 0.137925 0.031413
v -0.000317 0.137925 0.034001
v 0.012695 0.137925 0.031413
v 0.023725 0.137925 0.024042
v 0.031096 0.137925 0.013012
v 0.033684 0.137925 -0.000000
v 0.031096 0.137925 -0.013012
v 0.023725 0.137925 -0.024042
v 0.012695 0.137925 -0.031413
v -0.000317 0.137925 -0.036155
v -0.014153 0.137925 -0.033403
v -0.025883 0.137925 -0.025565
v -0.033720 0.137925 -0.013836
v -0.036472 0.137925 -0.000000
v -0.033720 0.137925 0.013836
v -0.025883 0.137925 0.025566
v -0.014153 0.137925 0.033403
v -0.000317 0.137925 0.036155
v 0.013519 0.137925 0.033403
v 0.025248 0.137925 0.025566
v 0.033086 0.137925 0.013836
v 0.035838 0.137925 -0.000000
v 0.033086 0.137925 -0.013836
v 0.025248 0.137925 -0.025565
v 0.013519 0.137925 -0.033403
v -0.000317 0.148038 -0.026471
v -0.010447 0.148038 -0.024456
v -0.019035 0.148038 -0.018718
v -0.024773 0.148038 -0.010130
v -0.026788 0.148038 -0.000000
v -0.024773 0.148038 0.010130
v -0.019035 0.148038 0.018718
v -0.010447 0.148038 0.024456
v -0.000317 0.148038 0.026471
v 0.009813 0.148038 0.024456
v 0.018401 0.148038 0.018718
v 0.024139 0.148038 0.010130
v 0.026154 0.148038 -0.000000
v 0.024139 0.148038 -0.010130
v 0.018401 0.148038 -0.018718
v 0.009813 0.148038 -0.024456
v -0.000317 0.142882 -0.034001
v -0.013329 0.142882 -0.031413
v -0.024360 0.142882 -0.024042
v -0.031730 0.142882 -0.013012
v -0.034318 0.142882 -0.000000
v -0.031730 0.142882 0.013012
v -0.024360 0.142882 0.024042
v -0.013329 0.142882 0.031413
v -0.000317 0.142882 0.034001
v 0.012695 0.142882 0.031413
v 0.023725 0.142882 0.024042
v 0.031096 0.142882 0.013012
v 0.033684 0.142882 -0.000000
v 0.031096 0.142882 -0.013012
v 0.023725 0.142882 -0.024042
v 0.012695 0.142882 -0.031413
v -0.000317 0.168842 -0.026471
v -0.010447 0.168842 -0.024456
v -0.019035 0.168842 -0.018718
v -0.024773 0.168842 -0.010130
v -0.026788 0.168842 -0.000000
v -0.024773 0.168842 0.010130
v -0.019035 0.168842 0.018718
v -0.010447 0.168842 0.024456
v -0.000317 0.168842 0.026471
v 0.009813 0.168842 0.024456
v 0.018401 0.168842 0.018718
v 0.024139 0.168842 0.010130
v 0.024139 0.168842 -0.010130
v 0.018401 0.168842 -0.018718
v 0.009813 0.168842 -0.024456
v -0.034292 0.135788 0.000002
v -0.031706 0.135788 0.013003
v -0.024449 0.135788 0.024122
v -0.013415 0.135788 0.031585
v 0.025645 0.168842 0.000330
v -0.000334 0.135788 0.034140
v 0.012765 0.135788 0.031568
v 0.023770 0.135788 0.024072
v 0.031143 0.135788 0.013037
v 0.033732 0.135788 0.000007
v 0.031075 0.135788 -0.012990
v 0.023731 0.135788 -0.023990
v 0.012748 0.135788 -0.031504
v -0.000317 0.135788 -0.034042
v -0.013297 0.135788 -0.031317
v -0.024296 0.135788 -0.023973
v -0.031675 0.135788 -0.013007
v 0.000000 0.182536 -0.024018
v -0.004684 0.182536 -0.023557
v -0.009188 0.182536 -0.022190
v -0.013340 0.182536 -0.019972
v -0.016978 0.182536 -0.016986
v -0.019964 0.182536 -0.013347
v -0.022183 0.182536 -0.009196
v -0.023549 0.182536 -0.004692
v -0.024011 0.182536 -0.000007
v -0.023549 0.182536 0.004677
v -0.022183 0.182536 0.009181
v -0.019964 0.182536 0.013332
v -0.016978 0.182536 0.016971
v -0.013340 0.182536 0.019957
v -0.009188 0.182536 0.022175
v -0.004684 0.182536 0.023542
v -0.000000 0.182536 0.024003
v 0.004684 0.182536 0.023542
v 0.009188 0.182536 0.022175
v 0.013340 0.182536 0.019957
v 0.016978 0.182536 0.016971
v 0.019964 0.182536 0.013332
v 0.022183 0.182536 0.009181
v 0.023549 0.182536 0.004677
v 0.024011 0.182536 -0.000007
v 0.023549 0.182536 -0.004692
v 0.022183 0.182536 -0.009196
v 0.019964 0.182536 -0.013347
v 0.016978 0.182536 -0.016986
v 0.013340 0.182536 -0.019972
v 0.009188 0.182536 -0.022190
v 0.004684 0.182536 -0.023557
v -0.004684 0.192585 -0.023557
v 0.000000 0.192585 -0.024018
v -0.009188 0.192585 -0.022190
v -0.013340 0.192585 -0.019972
v -0.016978 0.192585 -0.016986
v -0.019964 0.192585 -0.013347
v -0.022183 0.192585 -0.009196
v -0.023549 0.192585 -0.004692
v -0.024011 0.192585 -0.000007
v -0.023549 0.192585 0.004677
v -0.022183 0.192585 0.009181
v -0.019964 0.192585 0.013332
v -0.016978 0.192585 0.016971
v -0.013340 0.192585 0.019957
v -0.009188 0.192585 0.022175
v -0.004684 0.192585 0.023542
v -0.000000 0.192585 0.024003
v 0.004684 0.192585 0.023542
v 0.009188 0.192585 0.022175
v 0.013340 0.192585 0.019957
v 0.016978 0.192585 0.016971
v 0.019964 0.192585 0.013332
v 0.022183 0.192585 0.009181
v 0.023549 0.192585 0.004677
v 0.024011 0.192585 -0.000007
v 0.023549 0.192585 -0.004692
v 0.022183 0.192585 -0.009196
v 0.019964 0.192585 -0.013347
v 0.016978 0.192585 -0.016986
v 0.013340 0.192585 -0.019972
v 0.009188 0.192585 -0.022190
v 0.004684 0.192585 -0.023557
v -0.009188 0.184712 0.022175
v -0.000000 0.184712 0.024003
v -0.004684 0.184712 0.023542
v 0.009188 0.184712 0.022175
v 0.004684 0.184712 0.023542
v 0.009188 0.190463 0.022175
v 0.004684 0.190463 0.023542
v -0.000000 0.190463 0.024003
v -0.009188 0.190463 0.022175
v -0.004684 0.190463 0.023542
v 0.022183 0.184713 -0.009196
v 0.023549 0.190463 -0.004692
v 0.024011 0.190463 -0.000007
v 0.022183 0.190464 -0.009196
v 0.023549 0.190463 0.004677
v 0.022183 0.190463 0.009181
v 0.023549 0.184712 -0.004692
v 0.024011 0.184712 -0.000007
v 0.023549 0.184712 0.004677
v 0.022183 0.184712 0.009181
v -0.022183 0.184712 0.009181
v -0.022183 0.190471 -0.009196
v -0.022183 0.184698 -0.009196
v -0.024011 0.190463 -0.000007
v -0.023549 0.190463 0.004677
v -0.022183 0.190463 0.009181
v -0.023549 0.190463 -0.004692
v -0.023549 0.184712 -0.004692
v -0.024011 0.184712 -0.000007
v -0.023549 0.184712 0.004677
v 0.009188 0.184712 -0.022190
v 0.004684 0.184712 -0.023557
v 0.000000 0.184712 -0.024018
v -0.004684 0.184712 -0.023557
v -0.009188 0.184712 -0.022190
v 0.004684 0.190463 -0.023557
v 0.000000 0.190463 -0.024018
v -0.004684 0.190463 -0.023557
v -0.009188 0.190463 -0.022190
v 0.009188 0.190463 -0.022190
v 0.000000 0.182536 -0.023508
v -0.004585 0.182536 -0.023057
v -0.008993 0.182536 -0.021719
v -0.013056 0.182536 -0.019548
v -0.016617 0.182536 -0.016625
v -0.019540 0.182536 -0.013064
v -0.021711 0.182536 -0.009002
v -0.023049 0.182536 -0.004591
v -0.023501 0.182536 -0.000007
v -0.023049 0.182536 0.004577
v -0.021712 0.182536 0.008986
v -0.019540 0.182536 0.013049
v -0.016617 0.182536 0.016610
v -0.013056 0.182536 0.019533
v -0.008993 0.182536 0.021704
v -0.004585 0.182536 0.023042
v -0.000000 0.182536 0.023493
v 0.004585 0.182536 0.023042
v 0.008993 0.182536 0.021704
v 0.013056 0.182536 0.019533
v 0.016617 0.182536 0.016610
v 0.019540 0.182536 0.013049
v 0.021712 0.182536 0.008986
v 0.023049 0.182536 0.004577
v 0.023501 0.182536 -0.000007
v 0.023049 0.182536 -0.004592
v 0.021713 0.182536 -0.008998
v 0.019540 0.182536 -0.013064
v 0.016617 0.182536 -0.016625
v 0.013056 0.182536 -0.019548
v 0.008993 0.182536 -0.021719
v 0.004585 0.182536 -0.023057
v -0.004585 0.192585 -0.023057
v 0.000000 0.192585 -0.023508
v -0.008993 0.192585 -0.021719
v -0.013056 0.192585 -0.019548
v -0.016617 0.192585 -0.016625
v -0.019540 0.192585 -0.013064
v -0.021711 0.192585 -0.009002
v -0.023049 0.192585 -0.004591
v -0.023501 0.192585 -0.000007
v -0.023049 0.192585 0.004577
v -0.021712 0.192585 0.008986
v -0.019540 0.192585 0.013049
v -0.016617 0.192585 0.016610
v -0.013056 0.192585 0.019533
v -0.008993 0.192585 0.021704
v -0.004585 0.192585 0.023042
v -0.000000 0.192585 0.023493
v 0.004585 0.192585 0.023042
v 0.008993 0.192585 0.021704
v 0.013056 0.192585 0.019533
v 0.016617 0.192585 0.016610
v 0.019540 0.192585 0.013049
v 0.021712 0.192585 0.008986
v 0.023049 0.192585 0.004577
v 0.023501 0.192585 -0.000007
v 0.023049 0.192585 -0.004591
v 0.021711 0.192585 -0.009003
v 0.019540 0.192585 -0.013064
v 0.016617 0.192585 -0.016625
v 0.013056 0.192585 -0.019548
v 0.008993 0.192585 -0.021719
v 0.004585 0.192585 -0.023057
v -0.008993 0.184712 0.021704
v -0.000000 0.184712 0.023493
v -0.004585 0.184712 0.023042
v 0.008993 0.184712 0.021704
v 0.004585 0.184712 0.023042
v 0.008993 0.190463 0.021704
v 0.004585 0.190463 0.023042
v -0.000000 0.190463 0.023493
v -0.008993 0.190463 0.021704
v -0.004585 0.190463 0.023042
v 0.021713 0.184647 -0.008999
v 0.023049 0.190463 -0.004591
v 0.023501 0.190463 -0.000007
v 0.021712 0.190451 -0.009002
v 0.023049 0.190463 0.004577
v 0.021712 0.190463 0.008986
v 0.023049 0.184712 -0.004592
v 0.023501 0.184712 -0.000007
v 0.023049 0.184712 0.004577
v 0.021712 0.184712 0.008986
v -0.021712 0.184712 0.008986
v -0.021711 0.190480 -0.009002
v -0.021711 0.184717 -0.009002
v -0.023501 0.190463 -0.000007
v -0.023049 0.190463 0.004577
v -0.021712 0.190463 0.008986
v -0.023049 0.190463 -0.004591
v -0.023049 0.184711 -0.004591
v -0.023501 0.184712 -0.000007
v -0.023049 0.184712 0.004577
v 0.008993 0.184712 -0.021719
v 0.004585 0.184712 -0.023057
v 0.000000 0.184712 -0.023508
v -0.004585 0.184712 -0.023057
v -0.008993 0.184712 -0.021719
v 0.004585 0.190463 -0.023057
v 0.000000 0.190463 -0.023508
v -0.004585 0.190463 -0.023057
v -0.008993 0.190463 -0.021719
v 0.008993 0.190463 -0.021719
v 0.000000 0.161044 -0.032470
v -0.022960 0.161044 -0.022960
v -0.032470 0.161044 -0.000000
v -0.029998 0.161044 0.012426
v -0.022960 0.161044 0.022960
v -0.012426 0.161044 0.029998
v -0.000000 0.161044 0.032470
v 0.029998 0.161044 0.012426
v 0.022960 0.161044 -0.022960
v 0.012426 0.161044 -0.029998
v 0.000000 0.164062 -0.028368
v -0.010856 0.164062 -0.026208
v -0.020059 0.164062 -0.020059
v -0.026208 0.164062 -0.010856
v -0.028368 0.164062 -0.000000
v -0.026208 0.164062 0.010856
v -0.020059 0.164062 0.020059
v -0.010856 0.164062 0.026208
v -0.000000 0.164062 0.028368
v 0.010856 0.164062 0.026208
v 0.020059 0.164062 0.020059
v 0.026208 0.164062 0.010856
v 0.028368 0.164062 -0.000000
v 0.026208 0.164062 -0.010856
v 0.020059 0.164062 -0.020059
v 0.010856 0.164062 -0.026208
v -0.012426 0.161044 -0.029998
v -0.029998 0.161044 -0.012426
v 0.012426 0.161044 0.029998
v 0.022960 0.161044 0.022960
v 0.032470 0.161044 -0.000000
v 0.029998 0.161044 -0.012426
v 0.000000 0.183142 -0.024485
v -0.009370 0.183142 -0.022621
v -0.017314 0.183142 -0.017314
v -0.022622 0.183142 -0.009370
v -0.024485 0.183142 -0.000000
v -0.022622 0.183142 0.009370
v -0.017314 0.183142 0.017314
v -0.009370 0.183142 0.022622
v -0.000000 0.183142 0.024485
v 0.009370 0.183142 0.022622
v 0.017314 0.183142 0.017314
v 0.022622 0.183142 0.009370
v 0.024485 0.183142 -0.000000
v 0.022622 0.183142 -0.009370
v 0.017314 0.183142 -0.017314
v 0.009370 0.183142 -0.022621
v 0.000000 0.183142 -0.028350
v -0.010849 0.183142 -0.026192
v -0.020046 0.183142 -0.020046
v -0.026192 0.183142 -0.010849
v -0.028350 0.183142 -0.000000
v -0.026192 0.183142 0.010849
v -0.020046 0.183142 0.020046
v -0.010849 0.183142 0.026192
v -0.000000 0.183142 0.028350
v 0.010849 0.183142 0.026192
v 0.020046 0.183142 0.020046
v 0.026192 0.183142 0.010849
v 0.028350 0.183142 -0.000000
v 0.026192 0.183142 -0.010849
v 0.020046 0.183142 -0.020046
v 0.010849 0.183142 -0.026192
v -0.000226 0.169664 -0.023209
v -0.009596 0.169664 -0.021345
v -0.017540 0.169664 -0.016037
v -0.022847 0.169664 -0.008094
v -0.024711 0.169664 0.001276
v -0.022847 0.169664 0.010646
v -0.017540 0.169664 0.018590
v -0.009596 0.169664 0.023898
v -0.000226 0.169664 0.025762
v 0.009144 0.169664 0.023898
v 0.017088 0.169664 0.018590
v 0.022396 0.169664 0.010646
v 0.024260 0.169664 0.001276
v 0.022396 0.169664 -0.008094
v 0.017088 0.169664 -0.016037
v 0.009144 0.169664 -0.021345
v 0.000000 0.160238 -0.031877
v -0.022541 0.160238 -0.022540
v -0.031877 0.160238 -0.000000
v -0.029451 0.160238 0.012199
v -0.022541 0.160238 0.022541
v -0.012199 0.160238 0.029451
v -0.000000 0.160238 0.031877
v 0.029451 0.160238 0.012199
v 0.022541 0.160238 -0.022540
v 0.012199 0.160238 -0.029451
v 0.000000 0.163586 -0.027488
v -0.010519 0.163586 -0.025396
v -0.019437 0.163586 -0.019437
v -0.025396 0.163586 -0.010519
v -0.027488 0.163586 -0.000000
v -0.025396 0.163586 0.010519
v -0.019437 0.163586 0.019437
v -0.010519 0.163586 0.025396
v -0.000000 0.163586 0.027488
v 0.010519 0.163586 0.025396
v 0.019437 0.163586 0.019437
v 0.025396 0.163586 0.010519
v 0.027488 0.163586 -0.000000
v 0.025396 0.163586 -0.010519
v 0.019437 0.163586 -0.019437
v 0.010519 0.163586 -0.025396
v -0.012199 0.160238 -0.029451
v -0.029451 0.160238 -0.012199
v 0.012199 0.160238 0.029451
v 0.022541 0.160238 0.022541
v 0.031877 0.160238 -0.000000
v 0.029451 0.160238 -0.012199
v 0.000001 0.182359 -0.025107
v -0.009606 0.182363 -0.023202
v -0.017759 0.182371 -0.017768
v -0.023218 0.182382 -0.009625
v -0.025148 0.182394 -0.000008
v -0.023249 0.182405 0.009622
v -0.017802 0.182415 0.017795
v -0.009636 0.182420 0.023260
v 0.000001 0.182420 0.025177
v 0.009637 0.182416 0.023254
v 0.017797 0.182407 0.017788
v 0.023238 0.182395 0.009617
v 0.025136 0.182383 -0.000008
v 0.023208 0.182372 -0.009620
v 0.017754 0.182364 -0.017760
v 0.009607 0.182359 -0.023197
v 0.000000 0.182476 -0.027604
v -0.010564 0.182476 -0.025503
v -0.019519 0.182476 -0.019519
v -0.025503 0.182476 -0.010564
v -0.027604 0.182476 -0.000000
v -0.025503 0.182476 0.010564
v -0.019519 0.182476 0.019519
v -0.010564 0.182476 0.025503
v -0.000000 0.182476 0.027604
v 0.010564 0.182476 0.025503
v 0.019519 0.182476 0.019519
v 0.025503 0.182476 0.010564
v 0.027604 0.182476 -0.000000
v 0.025503 0.182476 -0.010564
v 0.019519 0.182476 -0.019519
v 0.010564 0.182476 -0.025503
v -0.000227 0.168964 -0.023923
v -0.009875 0.168969 -0.022008
v -0.018059 0.168978 -0.016547
v -0.023534 0.168991 -0.008369
v -0.025463 0.169005 0.001285
v -0.023549 0.169018 0.010946
v -0.018081 0.169028 0.019139
v -0.009891 0.169033 0.024616
v -0.000227 0.169033 0.026538
v 0.009435 0.169028 0.024613
v 0.017623 0.169019 0.019136
v 0.023088 0.169006 0.010943
v 0.025001 0.168992 0.001285
v 0.023072 0.168979 -0.008366
v 0.017600 0.168970 -0.016543
v 0.009419 0.168964 -0.022004
v -0.000001 0.054118 -0.025911
v -0.009917 0.054118 -0.023939
v -0.018323 0.054118 -0.018322
v -0.023940 0.054118 -0.009915
v -0.025912 0.054118 0.000001
v -0.023940 0.054118 0.009916
v -0.018323 0.054118 0.018323
v -0.009837 0.054118 0.024006
v -0.000001 0.054118 0.025912
v 0.009915 0.054118 0.023940
v 0.018322 0.054118 0.018323
v 0.023938 0.054118 0.009916
v 0.025911 0.054118 0.000001
v 0.023938 0.054118 -0.009915
v 0.018322 0.054118 -0.018322
v 0.009915 0.054118 -0.023939
v -0.000102 0.052823 -0.025953
v -0.009795 0.052823 -0.024085
v -0.018236 0.052823 -0.018508
v -0.023905 0.052823 -0.010146
v -0.025943 0.052823 -0.000268
v -0.024007 0.052823 0.009742
v -0.018437 0.052823 0.018179
v -0.010065 0.052823 0.023829
v -0.000132 0.052823 0.025850
v 0.009812 0.052823 0.023896
v 0.018328 0.052823 0.018229
v 0.023928 0.052823 0.009839
v 0.025886 0.052823 -0.000053
v 0.023909 0.052823 -0.009944
v 0.018321 0.052823 -0.018285
v 0.009848 0.052823 -0.023961
v 0.000000 0.056244 -0.029835
v -0.011417 0.056244 -0.027564
v -0.021097 0.056244 -0.021097
v -0.027564 0.056244 -0.011417
v -0.029835 0.056244 -0.000000
v -0.027564 0.056244 0.011417
v -0.021097 0.056244 0.021097
v -0.011417 0.056244 0.027564
v -0.000000 0.056244 0.029835
v 0.011417 0.056244 0.027564
v 0.021097 0.056244 0.021097
v 0.027564 0.056244 0.011417
v 0.029835 0.056244 -0.000000
v 0.027564 0.056244 -0.011417
v 0.021097 0.056244 -0.021097
v 0.011417 0.056244 -0.027564
v 0.000000 0.055204 -0.029835
v -0.011417 0.055204 -0.027564
v -0.021097 0.055204 -0.021097
v -0.027564 0.055204 -0.011417
v -0.029835 0.055204 -0.000000
v -0.027564 0.055204 0.011417
v -0.021097 0.055204 0.021097
v -0.011417 0.055204 0.027564
v -0.000000 0.055204 0.029835
v 0.011417 0.055204 0.027564
v 0.021097 0.055204 0.021097
v 0.027564 0.055204 0.011417
v 0.029835 0.055204 -0.000000
v 0.027564 0.055204 -0.011417
v 0.021097 0.055204 -0.021097
v 0.011417 0.055204 -0.027564
v -0.000026 0.053134 0.000019
v 0.021285 0.055658 -0.021285
v 0.021285 0.056158 -0.021285
v 0.011519 0.056158 -0.027810
v 0.011519 0.055658 -0.027810
v 0.000000 0.056158 -0.030101
v 0.000000 0.055658 -0.030101
v -0.011519 0.056158 -0.027810
v -0.011519 0.055658 -0.027810
v -0.021285 0.056158 -0.021285
v -0.021285 0.055658 -0.021285
v -0.027810 0.056158 -0.011519
v -0.027810 0.055658 -0.011519
v -0.030101 0.056158 -0.000000
v -0.030101 0.055658 -0.000000
v -0.027810 0.056158 0.011519
v -0.027810 0.055658 0.011519
v -0.021284 0.056158 0.021284
v -0.021284 0.055657 0.021284
v -0.011519 0.056158 0.027809
v -0.011519 0.055658 0.027809
v -0.000000 0.056158 0.030100
v -0.000000 0.055657 0.030100
v 0.011519 0.056158 0.027810
v 0.011519 0.055658 0.027810
v 0.021285 0.056158 0.021285
v 0.021285 0.055658 0.021285
v 0.027810 0.056158 0.011519
v 0.027810 0.055658 0.011519
v 0.030101 0.056158 -0.000000
v 0.030101 0.055658 -0.000000
v 0.027810 0.056158 -0.011519
v 0.027810 0.055658 -0.011519
v 0.025800 0.055250 -0.010541
v 0.026754 0.056455 0.011839
v 0.030026 0.061657 -0.018272
v 0.030526 0.067013 -0.023936
v 0.028895 0.072556 -0.028948
v 0.025446 0.078210 -0.033225
v 0.020492 0.083891 -0.036682
v 0.014349 0.089514 -0.039231
v 0.007335 0.094991 -0.040782
v -0.000228 0.100236 -0.041251
v -0.008021 0.105163 -0.040551
v -0.015721 0.109685 -0.038602
v -0.023008 0.113717 -0.035323
v -0.029567 0.117177 -0.030636
v -0.035090 0.119985 -0.024464
v -0.039274 0.122064 -0.016715
v -0.041814 0.123336 -0.007284
v -0.042406 0.123695 0.003075
v -0.040724 0.122487 0.012978
v -0.037817 0.120284 0.020051
v -0.033746 0.117131 0.026314
v -0.028722 0.113168 0.031706
v -0.022961 0.108537 0.036163
v -0.016681 0.103384 0.039624
v -0.010102 0.097856 0.042027
v -0.003443 0.092100 0.043313
v 0.003073 0.086265 0.043426
v 0.009228 0.080497 0.042309
v 0.014802 0.074945 0.039912
v 0.019580 0.069753 0.036182
v 0.023350 0.065062 0.031066
v 0.025904 0.061008 0.024504
v 0.027029 0.057729 0.016424
v 0.026849 0.054140 -0.010691
v 0.030017 0.072237 -0.029950
v -0.043361 0.124898 0.003160
v 0.024366 0.064477 0.032062
v -0.007881 0.105783 -0.041953
v -0.016842 0.103966 0.041039
v 0.031729 0.066413 -0.024684
v -0.042752 0.124530 -0.007531
v 0.020423 0.069384 0.037414
v 0.000088 0.100745 -0.042668
v -0.023268 0.109238 0.037498
v 0.031205 0.060771 -0.018709
v 0.007819 0.095383 -0.042189
v -0.040125 0.123214 -0.017280
v -0.029179 0.113989 0.032924
v 0.015453 0.074786 0.041297
v 0.028276 0.055259 0.012069
v 0.026425 0.078130 -0.034409
v 0.021307 0.084001 -0.037982
v 0.014998 0.089777 -0.040601
v -0.015773 0.110417 -0.039954
v -0.023270 0.114566 -0.036579
v -0.030049 0.118142 -0.031734
v -0.035780 0.121055 -0.025327
v -0.041606 0.123638 0.013492
v -0.038574 0.121341 0.020874
v -0.034355 0.118074 0.027366
v -0.010118 0.098317 0.043495
v -0.003311 0.092432 0.044809
v 0.003365 0.086454 0.044924
v 0.009692 0.080525 0.043776
v 0.027041 0.060231 0.025188
v 0.028218 0.056826 0.016794
v -0.024671 0.107698 0.037730
v -0.024160 0.107148 0.036271
v -0.017882 0.101997 0.039731
v -0.018235 0.102418 0.041276
v 0.026723 0.055405 0.017171
v 0.025646 0.056557 0.016726
v 0.025570 0.055499 0.012071
v 0.026932 0.053942 0.012368
v -0.031328 0.116563 -0.032250
v -0.030647 0.115736 -0.031008
v -0.036229 0.118575 -0.024766
v -0.037145 0.119520 -0.025745
v 0.001969 0.084909 0.045164
v 0.001838 0.084907 0.043529
v 0.007971 0.079161 0.042417
v 0.008284 0.078991 0.044018
v 0.028724 0.060898 -0.019324
v 0.029170 0.066072 -0.024747
v 0.027591 0.071431 -0.029589
v 0.024227 0.076942 -0.033757
v 0.019357 0.082525 -0.037154
v 0.013282 0.088084 -0.039673
v 0.006317 0.093523 -0.041213
v -0.001219 0.098748 -0.041679
v -0.009003 0.103670 -0.040980
v -0.016716 0.108199 -0.039027
v -0.024036 0.112250 -0.035732
v -0.040467 0.120681 -0.016916
v -0.043040 0.121968 -0.007366
v -0.043639 0.122332 0.003089
v -0.041951 0.121119 0.013038
v -0.039034 0.118909 0.020136
v -0.034954 0.115749 0.026413
v -0.029924 0.111781 0.031812
v -0.011309 0.096474 0.042132
v -0.004661 0.090728 0.043416
v 0.013516 0.073637 0.040032
v 0.018261 0.068481 0.036328
v 0.021999 0.063829 0.031256
v 0.024531 0.059812 0.024755
v 0.028609 0.070917 -0.030768
v 0.025103 0.076665 -0.035116
v -0.044855 0.123429 0.003184
v -0.043086 0.122159 0.013604
v 0.022896 0.063013 0.032361
v 0.025555 0.058794 0.025532
v 0.024570 0.054458 -0.011772
v 0.025678 0.053400 -0.012066
v 0.006688 0.093727 -0.042797
v -0.001025 0.099075 -0.043275
v 0.029798 0.059829 -0.019949
v 0.030268 0.065283 -0.025676
v 0.020068 0.082439 -0.038629
v 0.013824 0.088154 -0.041219
v -0.008999 0.104116 -0.042558
v -0.016920 0.108768 -0.040551
v -0.024472 0.112946 -0.037151
v -0.041565 0.121717 -0.017557
v -0.044237 0.123054 -0.007644
v -0.040033 0.119845 0.021038
v -0.035792 0.116561 0.027565
v -0.030596 0.112461 0.033144
v -0.011507 0.096765 0.043734
v -0.004700 0.090881 0.045049
v 0.014028 0.073269 0.041546
v 0.018976 0.067892 0.037682
v -0.025960 0.055406 0.010515
v -0.027378 0.055453 0.009548
v -0.027522 0.055948 -0.010424
v -0.025904 0.055370 -0.010584
v -0.028906 0.059211 0.015542
v -0.030621 0.059403 0.014610
v -0.030542 0.064298 0.021336
v -0.032344 0.064774 0.020725
v -0.029950 0.069600 0.026524
v -0.031719 0.070387 0.026219
v -0.027427 0.075077 0.031064
v -0.029077 0.076134 0.030984
v -0.023255 0.080660 0.034872
v -0.024755 0.081921 0.034934
v -0.017730 0.086260 0.037848
v -0.019086 0.087669 0.037989
v -0.011163 0.091781 0.039891
v -0.012393 0.093297 0.040073
v -0.003875 0.097127 0.040906
v -0.004993 0.098726 0.041104
v 0.005768 0.103433 0.040592
v 0.004753 0.105099 0.040787
v 0.013506 0.108060 0.038968
v 0.012567 0.109773 0.039148
v 0.020922 0.112226 0.036035
v 0.020044 0.113973 0.036191
v 0.027697 0.115844 0.031710
v 0.026868 0.117617 0.031835
v 0.033518 0.118832 0.025911
v 0.032725 0.120623 0.026002
v 0.038080 0.121111 0.018549
v 0.037307 0.122913 0.018607
v 0.041072 0.122601 0.009523
v 0.040308 0.124406 0.009557
v 0.042175 0.123214 -0.001260
v 0.041413 0.125021 -0.001265
v 0.041418 0.122686 -0.009419
v 0.040644 0.124484 -0.009531
v 0.039214 0.120987 -0.016799
v 0.038403 0.122757 -0.017033
v 0.035766 0.118256 -0.023377
v 0.034904 0.119985 -0.023713
v 0.031280 0.114634 -0.029101
v 0.030356 0.116314 -0.029515
v 0.025962 0.110262 -0.033912
v 0.024974 0.111890 -0.034384
v 0.020027 0.105289 -0.037750
v 0.018974 0.106861 -0.038265
v 0.013690 0.099863 -0.040556
v 0.012569 0.101377 -0.041101
v 0.007171 0.094136 -0.042275
v 0.005977 0.095586 -0.042839
v 0.000686 0.088259 -0.042853
v -0.000588 0.089636 -0.043423
v -0.005545 0.082384 -0.042239
v -0.006909 0.083676 -0.042800
v -0.011306 0.076664 -0.040389
v -0.012772 0.077855 -0.040916
v -0.016384 0.071248 -0.037257
v -0.017960 0.072321 -0.037715
v -0.020572 0.066280 -0.032804
v -0.022257 0.067222 -0.033143
v -0.023671 0.061895 -0.026977
v -0.025446 0.062710 -0.027146
v -0.025482 0.058224 -0.019710
v -0.027310 0.058934 -0.019671
v -0.011273 0.091524 0.041292
v -0.012502 0.093041 0.041474
v 0.007580 0.093946 -0.043630
v 0.006386 0.095396 -0.044194
v 0.042353 0.123137 0.009854
v 0.041590 0.124942 0.009887
v -0.017965 0.085898 0.039210
v -0.019320 0.087308 0.039351
v 0.014225 0.099783 -0.041878
v 0.013104 0.101297 -0.042423
v 0.039251 0.121593 0.019209
v 0.038479 0.123394 0.019267
v -0.025967 0.057005 -0.020274
v -0.027794 0.057715 -0.020235
v -0.029536 0.075507 0.032183
v -0.027887 0.074450 0.032262
v -0.023608 0.080177 0.036169
v -0.025108 0.081439 0.036231
v 0.025766 0.112027 -0.035565
v 0.026754 0.110400 -0.035093
v 0.020687 0.105317 -0.039016
v 0.019634 0.106889 -0.039530
v 0.027649 0.117899 0.032997
v 0.028477 0.116126 0.032872
v 0.034512 0.119224 0.026859
v 0.033718 0.121015 0.026950
v -0.022558 0.066305 -0.034196
v -0.020872 0.065363 -0.033856
v -0.024089 0.060811 -0.027807
v -0.025865 0.061626 -0.027977
v -0.028002 0.054643 -0.010744
v -0.026419 0.054078 -0.010901
v -0.027811 0.054228 0.010138
v -0.031127 0.058265 0.015307
v -0.026410 0.054182 0.011094
v -0.029413 0.058073 0.016241
v -0.032900 0.063796 0.021604
v -0.031099 0.063319 0.022214
v -0.032256 0.069591 0.027276
v -0.030486 0.068802 0.027581
v -0.004967 0.098568 0.042523
v -0.003849 0.096970 0.042325
v 0.004956 0.105058 0.042200
v 0.005972 0.103392 0.042005
v 0.012943 0.109834 0.040525
v 0.013881 0.108122 0.040345
v 0.020612 0.114142 0.037490
v 0.021490 0.112395 0.037334
v 0.042729 0.125576 -0.001257
v 0.043491 0.123769 -0.001252
v 0.041928 0.125016 -0.009858
v 0.042702 0.123218 -0.009746
v 0.039597 0.123220 -0.017667
v 0.040407 0.121449 -0.017433
v 0.035970 0.120347 -0.024591
v 0.036833 0.118619 -0.024255
v 0.031284 0.116564 -0.030571
v 0.032208 0.114884 -0.030157
v -0.000308 0.089329 -0.044789
v 0.000966 0.087952 -0.044219
v -0.006766 0.083241 -0.044153
v -0.005401 0.081949 -0.043592
v -0.012774 0.077275 -0.042221
v -0.011308 0.076084 -0.041693
v -0.018115 0.071577 -0.038925
v -0.016538 0.070505 -0.038467
v -0.043083 0.033526 0.005168
v -0.039197 0.034832 0.005985
v -0.034636 0.036103 0.003182
v -0.035460 0.035216 -0.005788
v -0.038547 0.034153 -0.007469
v -0.045672 0.032100 -0.003387
v -0.046124 0.032243 0.000766
v -0.058955 0.043561 0.004107
v -0.056552 0.045552 0.004853
v -0.053658 0.047873 0.002836
v -0.053991 0.047411 -0.004089
v -0.055892 0.045827 -0.005629
v -0.060396 0.042198 -0.002552
v -0.060760 0.041985 0.000629
v -0.058344 0.048189 0.004784
v -0.054691 0.049465 0.002819
v -0.053719 0.049783 -0.000474
v -0.055184 0.049237 -0.004048
v -0.057623 0.048372 -0.005563
v -0.061447 0.051829 0.004073
v -0.058331 0.051721 0.004831
v -0.054616 0.051605 0.002826
v -0.055139 0.051656 -0.004101
v -0.057609 0.051744 -0.005651
v -0.063399 0.051927 -0.002594
v -0.063827 0.051926 0.000585
v -0.059308 0.073501 0.004198
v -0.056213 0.073127 0.004955
v -0.052521 0.072697 0.002948
v -0.053041 0.072801 -0.003979
v -0.055494 0.073100 -0.005527
v -0.061247 0.073774 -0.002468
v -0.061672 0.073805 0.000712
v -0.052948 0.119818 0.004484
v -0.049867 0.119337 0.005240
v -0.046193 0.118783 0.003233
v -0.046710 0.118906 -0.003694
v -0.049152 0.119288 -0.005242
v -0.054878 0.120157 -0.002182
v -0.055301 0.120203 0.000998
v -0.049156 0.142626 0.004627
v -0.046089 0.142063 0.005383
v -0.042431 0.141410 0.003375
v -0.042946 0.141548 -0.003552
v -0.045377 0.141996 -0.005099
v -0.051077 0.143018 -0.002038
v -0.051499 0.143075 0.001142
v -0.043576 0.167070 0.004783
v -0.040637 0.166024 0.005535
v -0.037133 0.164795 0.003524
v -0.037626 0.165014 -0.003403
v -0.039955 0.165845 -0.004948
v -0.045415 0.167765 -0.001881
v -0.045820 0.167888 0.001300
v -0.037791 0.171149 0.005608
v -0.035645 0.168024 0.003569
v -0.035101 0.167227 0.000246
v -0.035970 0.168490 -0.003354
v -0.037389 0.170558 -0.004882
v -0.032341 0.176320 0.004821
v -0.032527 0.173205 0.005567
v -0.032777 0.169503 0.003549
v -0.032809 0.170058 -0.003377
v -0.032664 0.172528 -0.004917
v -0.032282 0.178299 -0.001838
v -0.032225 0.178712 0.001343
v -0.025122 0.176209 0.004550
v -0.025363 0.173098 0.005296
v -0.025651 0.169400 0.003277
v -0.025608 0.169950 -0.003648
v -0.025416 0.172417 -0.005188
v -0.024968 0.178183 -0.002109
v -0.024936 0.178597 0.001072
v -0.042792 0.032828 -0.006679
v -0.058558 0.043649 -0.005092
v -0.061026 0.047181 -0.005007
v -0.063318 0.046399 -0.002510
v -0.061050 0.051858 -0.005127
v -0.058912 0.073507 -0.005002
v -0.052554 0.119812 -0.004716
v -0.048763 0.142610 -0.004573
v -0.043199 0.166993 -0.004418
v -0.039346 0.173415 -0.004327
v -0.040677 0.175358 -0.001774
v -0.032447 0.175965 -0.004379
v -0.025150 0.175850 -0.004651
v -0.025725 0.168441 -0.000040
v -0.032869 0.168545 0.000231
v -0.040909 0.175700 0.001410
v -0.039540 0.173705 0.004877
v -0.036213 0.164490 0.000208
v -0.041471 0.141256 0.000061
v -0.045229 0.118655 -0.000081
v -0.051553 0.072601 -0.000366
v -0.053641 0.051588 -0.000487
v -0.063756 0.046262 0.000586
v -0.061444 0.047086 0.004008
v -0.052869 0.048429 -0.000481
v -0.033510 0.036169 -0.001087
v 0.043130 0.033961 -0.003556
v 0.039564 0.035130 -0.004435
v 0.035155 0.036413 -0.002504
v 0.034399 0.036063 0.006028
v 0.040741 0.033861 0.008383
v 0.044011 0.033011 0.005494
v 0.044826 0.033163 -0.000470
v 0.058406 0.044337 -0.002734
v 0.056004 0.046328 -0.003480
v 0.053109 0.048649 -0.001463
v 0.053443 0.048187 0.005462
v 0.056502 0.045638 0.006868
v 0.059173 0.043392 0.004454
v 0.060211 0.042761 0.000744
v 0.059360 0.049442 0.006731
v 0.062225 0.048410 0.004376
v 0.063543 0.048067 0.000900
v 0.061180 0.048910 -0.002618
v 0.058052 0.049989 -0.003405
v 0.054359 0.051203 -0.001416
v 0.060763 0.054977 -0.002712
v 0.057653 0.054757 -0.003470
v 0.053945 0.054511 -0.001465
v 0.054467 0.054585 0.005463
v 0.058434 0.054867 0.006883
v 0.061849 0.054978 0.004481
v 0.063139 0.055160 0.000775
v 0.054526 0.104879 -0.003015
v 0.051439 0.104453 -0.003771
v 0.047757 0.103963 -0.001764
v 0.048275 0.104076 0.005163
v 0.052213 0.104622 0.006582
v 0.055587 0.105082 0.004177
v 0.056885 0.105222 0.000471
v 0.046723 0.153190 -0.003316
v 0.043670 0.152556 -0.004071
v 0.040029 0.151817 -0.002063
v 0.040541 0.151967 0.004864
v 0.044436 0.152779 0.006281
v 0.047752 0.153591 0.003875
v 0.049055 0.153694 0.000169
v 0.043027 0.167846 -0.003410
v 0.040089 0.166800 -0.004162
v 0.036585 0.165570 -0.002151
v 0.037077 0.165790 0.004776
v 0.040825 0.167127 0.006190
v 0.044008 0.168424 0.003780
v 0.045271 0.168664 0.000073
v 0.034574 0.167704 0.001137
v 0.035204 0.168406 -0.002183
v 0.037624 0.171150 -0.004211
v 0.039630 0.173431 -0.003470
v 0.041177 0.175204 0.000003
v 0.040305 0.174496 0.003803
v 0.037937 0.171525 0.006146
v 0.034568 0.176895 -0.003463
v 0.033871 0.173852 -0.004205
v 0.033047 0.170238 -0.002180
v 0.033180 0.170785 0.004745
v 0.034070 0.174669 0.006144
v 0.034781 0.178158 0.004063
v 0.035107 0.179234 0.000011
v 0.026379 0.176985 -0.003177
v 0.026620 0.173874 -0.003923
v 0.026908 0.170176 -0.001904
v 0.026865 0.170726 0.005021
v 0.026556 0.174696 0.006427
v 0.026551 0.177882 0.005134
v 0.026193 0.179373 0.000301
v 0.026982 0.169217 0.001413
v 0.032837 0.169305 0.001139
v 0.035549 0.168830 0.004741
v 0.035665 0.165266 0.001165
v 0.039073 0.151641 0.001251
v 0.046790 0.103852 0.001550
v 0.052971 0.054462 0.001849
v 0.053398 0.051484 0.001871
v 0.054888 0.050947 0.005444
v 0.052321 0.049205 0.001854
v 0.033192 0.036771 0.001420
v -0.000643 0.046869 0.036724
v -0.003375 0.042871 0.049253
v 0.005933 0.045583 0.040756
v -0.005684 0.043324 0.047834
v 0.006470 0.044790 0.043239
v -0.007219 0.043998 0.045721
v 0.005933 0.043998 0.045721
v -0.007756 0.044790 0.043239
v 0.004398 0.043324 0.047834
v -0.007219 0.045583 0.040756
v 0.002089 0.042871 0.049253
v -0.005684 0.046257 0.038643
v 0.002089 0.046710 0.037224
v -0.000643 0.042711 0.049753
v -0.003375 0.046710 0.037224
v 0.004398 0.046257 0.038643
v -0.000643 0.047966 0.035265
v 0.002730 0.047769 0.035883
v 0.005596 0.047207 0.037645
v 0.007517 0.046362 0.040292
v 0.008194 0.045363 0.043421
v 0.007517 0.044365 0.046551
v 0.005596 0.043520 0.049198
v 0.002730 0.042957 0.050960
v -0.000643 0.042760 0.051577
v -0.004016 0.042957 0.050960
v -0.006882 0.043520 0.049198
v -0.008803 0.044365 0.046551
v -0.009480 0.045363 0.043421
v -0.008803 0.046362 0.040292
v -0.006882 0.047207 0.037645
v -0.004016 0.047769 0.035883
v -0.004016 0.042385 0.050777
v -0.000643 0.047393 0.035082
v 0.007517 0.045789 0.040109
v -0.006882 0.042947 0.049015
v 0.008194 0.044790 0.043239
v -0.008803 0.043792 0.046368
v 0.007517 0.043792 0.046368
v -0.009480 0.044790 0.043239
v 0.005596 0.042947 0.049015
v -0.008803 0.045789 0.040109
v 0.002730 0.042385 0.050777
v -0.006882 0.046634 0.037462
v 0.002730 0.047196 0.035700
v -0.000643 0.042187 0.051395
v -0.004016 0.047196 0.035700
v 0.005596 0.046634 0.037462
v -0.000643 0.045952 0.043696
v -0.000643 0.045517 0.036266
v 0.002089 0.045357 0.036766
v 0.004398 0.044905 0.038185
v 0.005933 0.044230 0.040297
v 0.006470 0.043438 0.042780
v 0.005933 0.042645 0.045263
v 0.004398 0.041971 0.047376
v 0.002089 0.041518 0.048795
v -0.000643 0.041359 0.049294
v -0.003375 0.041518 0.048795
v -0.005684 0.041971 0.047376
v -0.007219 0.042645 0.045263
v -0.007756 0.043438 0.042780
v -0.007219 0.044230 0.040297
v -0.005684 0.044905 0.038185
v -0.003375 0.045357 0.036766
v 0.004189 0.052620 -0.021059
v 0.011929 0.052620 -0.017853
v 0.017853 0.052620 -0.011929
v 0.021059 0.052620 -0.004189
v 0.021059 0.052620 0.004189
v 0.017853 0.052620 0.011929
v 0.011929 0.052620 0.017853
v 0.004189 0.052620 0.021059
v -0.004189 0.052620 0.021059
v -0.011929 0.052620 0.017853
v -0.017853 0.052620 0.011929
v -0.021059 0.052620 0.004189
v -0.021059 0.052620 -0.004189
v -0.017853 0.052620 -0.011929
v -0.011929 0.052620 -0.017853
v -0.004189 0.052620 -0.021059
v 0.004373 0.049133 -0.021986
v 0.004460 0.047915 -0.022306
v 0.012454 0.049133 -0.018639
v 0.012660 0.047915 -0.018910
v 0.018639 0.049133 -0.012454
v 0.018936 0.047915 -0.012633
v 0.021986 0.049133 -0.004373
v 0.022332 0.047915 -0.004433
v 0.021986 0.049133 0.004373
v 0.022332 0.047915 0.004442
v 0.018639 0.049133 0.012454
v 0.018936 0.047915 0.012642
v 0.012454 0.049133 0.018639
v 0.012660 0.047915 0.018918
v 0.004373 0.049133 0.021986
v 0.004460 0.047915 0.022315
v -0.004373 0.049133 0.021986
v -0.004416 0.047915 0.022315
v -0.012454 0.049133 0.018639
v -0.012616 0.047915 0.018918
v -0.018639 0.049133 0.012454
v -0.018892 0.047915 0.012642
v -0.021986 0.049133 0.004373
v -0.022289 0.047915 0.004442
v -0.021986 0.049133 -0.004373
v -0.022289 0.047915 -0.004433
v -0.018639 0.049133 -0.012454
v -0.018892 0.047915 -0.012633
v -0.012454 0.049133 -0.018639
v -0.012616 0.047915 -0.018910
v -0.004373 0.049133 -0.021986
v -0.004416 0.047915 -0.022306
v 0.004642 0.046941 -0.023335
v 0.013218 0.046941 -0.019782
v 0.019782 0.046941 -0.013218
v 0.023335 0.046941 -0.004642
v 0.023335 0.046941 0.004642
v 0.019782 0.046941 0.013218
v 0.013218 0.046941 0.019782
v 0.004642 0.046941 0.023335
v -0.004642 0.046941 0.023335
v -0.013218 0.046941 0.019782
v -0.019782 0.046941 0.013218
v -0.023335 0.046941 0.004642
v -0.023335 0.046941 -0.004642
v -0.019782 0.046941 -0.013218
v -0.013218 0.046941 -0.019782
v -0.004642 0.046941 -0.023335
v 0.004642 0.043536 -0.023335
v -0.004642 0.043536 -0.023335
v 0.013218 0.043536 -0.019782
v 0.019782 0.043536 -0.013218
v 0.023335 0.043536 -0.004642
v 0.023335 0.043536 0.004642
v 0.019782 0.043536 0.013218
v 0.013218 0.043536 0.019782
v 0.004642 0.043536 0.023335
v -0.004642 0.043536 0.023335
v -0.013218 0.043536 0.019782
v -0.019782 0.043536 0.013218
v -0.023335 0.043536 0.004642
v -0.023335 0.043536 -0.004642
v -0.019782 0.043536 -0.013218
v -0.013218 0.043536 -0.019782
v 0.000000 0.001121 -0.059101
v 0.022617 0.001121 -0.054602
v 0.041791 0.001121 -0.041791
v 0.054602 0.001121 -0.022617
v 0.059101 0.001121 0.000000
v 0.054602 0.001121 0.022617
v 0.041791 0.001121 0.041791
v 0.022617 0.001121 0.054602
v -0.000000 0.001121 0.059101
v -0.022617 0.001121 0.054602
v -0.041791 0.001121 0.041791
v -0.054602 0.001121 0.022617
v -0.059101 0.001121 -0.000000
v -0.054602 0.001121 -0.022617
v -0.041791 0.001121 -0.041791
v -0.022617 0.001121 -0.054602
v 0.000000 0.006684 -0.054856
v 0.020993 0.006684 -0.050680
v 0.038789 0.006684 -0.038789
v 0.050680 0.006684 -0.020993
v 0.054856 0.006684 0.000000
v 0.050680 0.006684 0.020993
v 0.038789 0.006684 0.038789
v 0.020993 0.006684 0.050680
v -0.000000 0.006684 0.054856
v -0.020993 0.006684 0.050680
v -0.038789 0.006684 0.038789
v -0.050680 0.006684 0.020993
v -0.054856 0.006684 -0.000000
v -0.050680 0.006684 -0.020993
v -0.038789 0.006684 -0.038789
v -0.020993 0.006684 -0.050680
v 0.000000 0.043422 -0.023792
v 0.009105 0.043422 -0.021981
v 0.016824 0.043422 -0.016824
v 0.021981 0.043422 -0.009105
v 0.023792 0.043422 -0.000000
v 0.021981 0.043422 0.009105
v 0.016824 0.043422 0.016824
v 0.009105 0.043422 0.021981
v -0.000000 0.043422 0.023792
v -0.009105 0.043422 0.021981
v -0.016824 0.043422 0.016824
v -0.021981 0.043422 0.009105
v -0.023792 0.043422 -0.000000
v -0.021981 0.043422 -0.009105
v -0.016824 0.043422 -0.016824
v -0.009105 0.043422 -0.021981
v 0.000000 0.003159 -0.059101
v 0.000000 0.005652 -0.058063
v 0.022617 0.003159 -0.054602
v 0.022220 0.005652 -0.053643
v 0.041791 0.003159 -0.041791
v 0.041057 0.005652 -0.041057
v 0.054602 0.003159 -0.022617
v 0.053643 0.005652 -0.022220
v 0.059101 0.003159 0.000000
v 0.058063 0.005652 0.000000
v 0.054602 0.003159 0.022617
v 0.053643 0.005652 0.022220
v 0.041791 0.003159 0.041791
v 0.041057 0.005652 0.041057
v 0.022617 0.003159 0.054602
v 0.022220 0.005652 0.053643
v -0.000000 0.003159 0.059101
v -0.000000 0.005652 0.058063
v -0.022617 0.003159 0.054602
v -0.022220 0.005652 0.053643
v -0.041791 0.003159 0.041791
v -0.041057 0.005652 0.041057
v -0.054602 0.003159 0.022617
v -0.053643 0.005652 0.022220
v -0.059101 0.003159 -0.000000
v -0.058063 0.005652 -0.000000
v -0.054602 0.003159 -0.022617
v -0.053643 0.005652 -0.022220
v -0.041791 0.003159 -0.041791
v -0.041057 0.005652 -0.041057
v -0.022617 0.003159 -0.054602
v -0.022220 0.005652 -0.053643
v 0.000000 0.030564 -0.054856
v 0.000000 0.034228 -0.052192
v 0.000000 0.032490 -0.054189
v 0.019973 0.034228 -0.048219
v 0.020993 0.030564 -0.050680
v 0.020737 0.032490 -0.050064
v 0.036905 0.034228 -0.036905
v 0.038789 0.030564 -0.038789
v 0.038317 0.032490 -0.038317
v 0.048219 0.034228 -0.019973
v 0.050680 0.030564 -0.020993
v 0.050064 0.032490 -0.020737
v 0.052192 0.034228 0.000000
v 0.054856 0.030564 0.000000
v 0.054189 0.032490 0.000000
v 0.048219 0.034228 0.019973
v 0.050680 0.030564 0.020993
v 0.050064 0.032490 0.020737
v 0.036905 0.034228 0.036905
v 0.038789 0.030564 0.038789
v 0.038317 0.032490 0.038317
v 0.019973 0.034228 0.048219
v 0.020993 0.030564 0.050680
v 0.020737 0.032490 0.050064
v -0.000000 0.034228 0.052192
v -0.000000 0.030564 0.054856
v -0.000000 0.032490 0.054189
v -0.019973 0.034228 0.048219
v -0.020993 0.030564 0.050680
v -0.020737 0.032490 0.050064
v -0.036905 0.034228 0.036905
v -0.038789 0.030564 0.038789
v -0.038317 0.032490 0.038317
v -0.048219 0.034228 0.019973
v -0.050680 0.030564 0.020993
v -0.050064 0.032490 0.020737
v -0.052192 0.034228 -0.000000
v -0.054856 0.030564 -0.000000
v -0.054189 0.032490 -0.000000
v -0.048219 0.034228 -0.019973
v -0.050680 0.030564 -0.020993
v -0.050064 0.032490 -0.020737
v -0.036905 0.034228 -0.036905
v -0.038789 0.030564 -0.038789
v -0.038317 0.032490 -0.038317
v -0.019973 0.034228 -0.048219
v -0.020993 0.030564 -0.050680
v -0.020737 0.032490 -0.050064
v -0.003522 0.039937 0.034395
v 0.002236 0.039975 0.034407
v -0.007594 0.038596 0.038094
v 0.006308 0.038633 0.038106
v 0.006308 0.036904 0.043390
v 0.002236 0.035800 0.047165
v -0.003522 0.035763 0.047153
v -0.007594 0.036867 0.043378
v 0.002427 0.046518 0.036345
v 0.006769 0.045243 0.040339
v 0.006769 0.043441 0.045988
v 0.002427 0.042166 0.049982
v -0.003713 0.042166 0.049982
v -0.008056 0.043441 0.045988
v -0.008056 0.045243 0.040339
v -0.003713 0.046518 0.036345
v -0.005398 0.192953 -0.027139
v -0.015373 0.192953 -0.023007
v -0.023007 0.192953 -0.015373
v -0.027139 0.192953 -0.005398
v -0.027139 0.192953 0.005398
v -0.023007 0.192953 0.015373
v -0.015373 0.192953 0.023007
v -0.005398 0.192953 0.027139
v 0.005398 0.192953 0.027139
v 0.015373 0.192953 0.023007
v 0.023007 0.192953 0.015373
v 0.027139 0.192953 0.005398
v 0.027139 0.192953 -0.005398
v 0.023007 0.192953 -0.015373
v 0.015373 0.192953 -0.023007
v 0.005398 0.192953 -0.027139
v -0.000580 0.196391 -0.002916
v -0.001652 0.196391 -0.002472
v -0.002472 0.196391 -0.001652
v -0.002916 0.196391 -0.000580
v -0.002916 0.196391 0.000580
v -0.002472 0.196391 0.001652
v -0.001652 0.196391 0.002472
v -0.000580 0.196391 0.002916
v 0.000580 0.196391 0.002916
v 0.001652 0.196391 0.002472
v 0.002472 0.196391 0.001652
v 0.002916 0.196391 0.000580
v 0.002916 0.196391 -0.000580
v 0.002472 0.196391 -0.001652
v 0.001652 0.196391 -0.002472
v 0.000580 0.196391 -0.002916
v 0.000000 0.196391 -0.000000
v -0.005371 0.192473 -0.027004
v -0.015296 0.192473 -0.022893
v -0.022893 0.192473 -0.015296
v -0.027004 0.192473 -0.005371
v -0.027004 0.192473 0.005371
v -0.022893 0.192473 0.015296
v -0.015296 0.192473 0.022893
v -0.005371 0.192473 0.027004
v 0.005371 0.192473 0.027004
v 0.015296 0.192473 0.022893
v 0.022893 0.192473 0.015296
v 0.027004 0.192473 0.005371
v 0.027004 0.192473 -0.005371
v 0.022893 0.192473 -0.015296
v 0.015296 0.192473 -0.022893
v 0.005371 0.192473 -0.027004
v -0.000579 0.195891 -0.002912
v -0.001650 0.195891 -0.002469
v -0.002469 0.195891 -0.001650
v -0.002912 0.195891 -0.000579
v -0.002912 0.195891 0.000579
v -0.002469 0.195891 0.001649
v -0.001650 0.195891 0.002469
v -0.000579 0.195891 0.002912
v 0.000579 0.195891 0.002912
v 0.001650 0.195891 0.002469
v 0.002469 0.195891 0.001649
v 0.002912 0.195891 0.000579
v 0.002912 0.195891 -0.000579
v 0.002469 0.195891 -0.001650
v 0.001650 0.195891 -0.002469
v 0.000579 0.195891 -0.002912
v 0.000000 0.195891 -0.000000
vn 0.1704 -0.4869 -0.8567
vn 0.2972 -0.8449 -0.4448
vn 0.1044 -0.8449 -0.5247
vn 0.7000 0.5397 -0.4677
vn 0.5059 0.4133 -0.7571
vn 0.4677 0.5397 -0.7000
vn 0.8931 0.4133 -0.1777
vn 0.7571 0.4133 -0.5059
vn 0.8257 0.5397 0.1643
vn 0.8257 0.5397 -0.1642
vn 0.7000 0.5397 0.4677
vn 0.8931 0.4133 0.1777
vn 0.4677 0.5397 0.7000
vn 0.7571 0.4133 0.5059
vn 0.1777 0.4133 0.8931
vn 0.5059 0.4133 0.7571
vn -0.1643 0.5397 0.8257
vn 0.1642 0.5397 0.8257
vn -0.4677 0.5397 0.7000
vn -0.1777 0.4133 0.8931
vn -0.7000 0.5397 0.4677
vn -0.5059 0.4133 0.7571
vn -0.8931 0.4133 0.1777
vn -0.7571 0.4133 0.5059
vn -0.8257 0.5397 -0.1643
vn -0.8257 0.5397 0.1642
vn -0.7000 0.5397 -0.4677
vn -0.8931 0.4133 -0.1777
vn -0.4677 0.5397 -0.7000
vn -0.7571 0.4133 -0.5059
vn -0.1777 0.4133 -0.8931
vn -0.5059 0.4133 -0.7571
vn 0.5532 -0.0920 -0.8279
vn 0.1943 -0.0920 -0.9766
vn -0.1704 -0.4869 -0.8567
vn -0.1044 -0.8449 -0.5247
vn 0.1777 0.4133 -0.8931
vn -0.1915 0.1900 -0.9629
vn 0.1915 0.1900 -0.9629
vn 0.5454 0.1901 -0.8163
vn -0.1949 0.0447 -0.9798
vn -0.5532 -0.0920 -0.8279
vn -0.5550 0.0447 -0.8306
vn -0.1943 -0.0920 -0.9766
vn -0.4852 -0.4869 -0.7262
vn -0.5454 0.1901 -0.8163
vn -0.8279 -0.0920 -0.5532
vn -0.8306 0.0447 -0.5550
vn -0.7263 -0.4869 -0.4852
vn -0.8163 0.1901 -0.5454
vn -0.9766 -0.0920 -0.1943
vn -0.9798 0.0447 -0.1949
vn -0.8567 -0.4869 -0.1704
vn -0.9629 0.1900 -0.1915
vn -0.9766 -0.0920 0.1943
vn -0.9798 0.0447 0.1949
vn -0.8567 -0.4869 0.1704
vn -0.9629 0.1900 0.1915
vn -0.8279 -0.0920 0.5532
vn -0.8306 0.0447 0.5550
vn -0.7262 -0.4869 0.4852
vn -0.8163 0.1901 0.5454
vn -0.5532 -0.0920 0.8279
vn -0.5550 0.0447 0.8306
vn -0.4852 -0.4869 0.7263
vn -0.5454 0.1901 0.8163
vn -0.1943 -0.0920 0.9766
vn -0.1949 0.0447 0.9798
vn -0.1704 -0.4869 0.8567
vn -0.1915 0.1900 0.9629
vn 0.1943 -0.0920 0.9766
vn 0.1949 0.0447 0.9798
vn 0.1704 -0.4869 0.8567
vn 0.1915 0.1900 0.9629
vn 0.5532 -0.0920 0.8279
vn 0.5550 0.0447 0.8306
vn 0.4852 -0.4869 0.7263
vn 0.5454 0.1901 0.8163
vn 0.8279 -0.0920 0.5532
vn 0.8306 0.0447 0.5550
vn 0.7262 -0.4869 0.4853
vn 0.8163 0.1901 0.5454
vn 0.9766 -0.0920 0.1943
vn 0.9798 0.0447 0.1949
vn 0.8567 -0.4869 0.1704
vn 0.9629 0.1900 0.1915
vn 0.9766 -0.0920 -0.1943
vn 0.9798 0.0447 -0.1949
vn 0.8567 -0.4869 -0.1704
vn 0.9629 0.1900 -0.1915
vn 0.8279 -0.0920 -0.5532
vn 0.8306 0.0447 -0.5550
vn 0.7263 -0.4869 -0.4852
vn 0.8163 0.1901 -0.5454
vn 0.5550 0.0447 -0.8306
vn 0.4852 -0.4869 -0.7262
vn 0.1949 0.0447 -0.9798
vn 0.1642 0.5397 -0.8257
vn 0.4448 -0.8449 -0.2972
vn 0.4498 -0.5871 -0.6731
vn 0.5247 -0.8449 -0.1044
vn 0.5247 -0.8449 0.1044
vn 0.4448 -0.8449 0.2972
vn 0.2972 -0.8449 0.4448
vn 0.1044 -0.8449 0.5247
vn -0.2972 -0.8449 0.4448
vn -0.1044 -0.8449 0.5247
vn -0.4448 -0.8449 0.2972
vn -0.5247 -0.8449 0.1044
vn -0.4448 -0.8449 -0.2972
vn -0.5247 -0.8449 -0.1044
vn -0.2972 -0.8449 -0.4448
vn 0.4498 -0.5871 0.6731
vn -0.6731 -0.5871 0.4498
vn -0.1579 -0.5871 -0.7940
vn 0.6731 -0.5871 0.4498
vn 0.7940 -0.5871 0.1579
vn -0.4498 -0.5871 0.6731
vn -0.1579 -0.5871 0.7940
vn -0.6731 -0.5871 -0.4498
vn 0.6731 -0.5871 -0.4498
vn -0.7940 -0.5871 0.1579
vn 0.1579 -0.5871 -0.7940
vn 0.1579 -0.5871 0.7940
vn -0.4498 -0.5871 -0.6731
vn 0.7940 -0.5871 -0.1579
vn -0.7940 -0.5871 -0.1579
vn 0.1951 -0.0000 0.9808
vn 0.1951 -0.0000 -0.9808
vn -0.5556 -0.0000 -0.8315
vn 0.5556 -0.0000 -0.8315
vn -0.1951 -0.0000 0.9808
vn 0.8315 -0.0000 -0.5556
vn -0.5556 -0.0000 0.8315
vn 0.9808 -0.0000 -0.1951
vn -0.8315 -0.0000 0.5556
vn 0.9808 -0.0000 0.1951
vn -0.9808 -0.0000 0.1951
vn 0.8315 -0.0000 0.5556
vn -0.9808 -0.0000 -0.1951
vn 0.5556 -0.0000 0.8315
vn -0.8315 -0.0000 -0.5556
vn -0.1643 0.5397 -0.8257
vn 0.7071 -0.0000 -0.7071
vn 0.3827 -0.0000 -0.9239
vn -1.0000 -0.0000 -0.0000
vn -0.9239 -0.0000 0.3827
vn 0.9999 0.0146 0.0060
vn 0.9309 0.0096 -0.3652
vn 0.9998 0.0164 0.0127
vn 0.9262 0.0076 0.3769
vn 0.7071 -0.0000 0.7071
vn 0.9239 -0.0000 -0.3827
vn 0.9321 -0.0000 0.3623
vn -0.0000 -0.0000 -1.0000
vn -0.3827 -0.0000 -0.9239
vn 0.3827 -0.0000 0.9239
vn -0.3827 -0.0000 0.9239
vn -0.7071 -0.0000 0.7071
vn 1.0000 -0.0000 -0.0000
vn 0.9239 -0.0000 0.3827
vn -0.0000 -0.0000 1.0000
vn -0.7071 -0.0000 -0.7071
vn -0.9239 -0.0000 -0.3827
vn -0.0000 1.0000 -0.0000
vn -0.0000 -1.0000 -0.0000
vn -0.9239 0.0012 0.3827
vn -0.7071 0.0082 0.7070
vn -0.3827 0.0012 0.9239
vn -0.7070 0.0106 0.7071
vn -0.0000 0.8251 -0.5650
vn -0.2162 0.8251 -0.5220
vn -0.3995 0.8251 -0.3995
vn -0.5220 0.8251 -0.2162
vn -0.5650 0.8251 -0.0000
vn -0.5220 0.8251 0.2162
vn -0.3995 0.8251 0.3995
vn -0.2162 0.8251 0.5220
vn -0.0000 0.8251 0.5650
vn 0.2162 0.8251 0.5219
vn 0.2162 0.8251 0.5220
vn 0.3995 0.8251 0.3995
vn 0.5220 0.8251 0.2162
vn 0.5219 0.8251 0.2162
vn 0.5650 0.8251 -0.0000
vn 0.5219 0.8251 -0.2162
vn 0.5220 0.8251 -0.2162
vn 0.3995 0.8251 -0.3995
vn 0.2162 0.8251 -0.5220
vn 0.0296 0.9991 -0.0296
vn 0.0019 1.0000 -0.0009
vn 0.0009 1.0000 -0.0019
vn -0.4127 -0.0000 -0.9109
vn -0.4043 0.6857 -0.6053
vn 0.4127 -0.0000 -0.9109
vn 0.2785 0.6857 -0.6725
vn 0.4044 0.6857 -0.6053
vn -0.7072 -0.0000 -0.7071
vn -0.5555 -0.0000 -0.8315
vn 0.3826 -0.0000 -0.9239
vn 0.4127 -0.0000 0.9109
vn -0.5147 0.6857 -0.5147
vn -0.9808 -0.0000 -0.1950
vn 0.9108 -0.0000 0.4128
vn -0.9108 -0.0000 0.4128
vn -0.9239 -0.0000 0.3825
vn -0.1951 -0.0000 -0.9808
vn 0.7072 -0.0000 -0.7071
vn 0.6052 0.6857 -0.4044
vn -0.4127 -0.0000 0.9109
vn -0.3826 -0.0000 0.9239
vn -0.3826 -0.0000 -0.9239
vn 0.5555 -0.0000 -0.8315
vn 0.5147 0.6857 -0.5147
vn 0.1420 0.6857 -0.7139
vn -0.0000 0.6857 -0.7279
vn -0.0000 0.6857 0.7279
vn 0.7139 0.6857 0.1420
vn 0.6725 0.6857 0.2786
vn -0.2785 0.6857 0.6725
vn -0.1420 0.6857 0.7139
vn -0.7139 0.6857 -0.1420
vn 0.1420 0.6857 0.7139
vn -0.7139 0.6857 0.1420
vn 0.7279 0.6857 -0.0000
vn -0.1420 0.6857 -0.7139
vn -0.7279 0.6857 -0.0000
vn 0.4128 -0.0000 0.9108
vn 0.5555 -0.0000 0.8315
vn -0.4128 -0.0000 0.9108
vn -0.4128 -0.0000 -0.9108
vn 0.9808 -0.0000 0.1952
vn -0.8314 -0.0000 -0.5556
vn -0.9108 -0.0000 -0.4128
vn 0.9108 -0.0000 -0.4128
vn 0.4128 -0.0000 -0.9108
vn -0.8314 -0.0000 0.5557
vn -0.8314 -0.0000 0.5556
vn 0.7072 -0.0000 0.7071
vn 0.4043 0.6857 0.6053
vn 0.9808 -0.0000 0.1950
vn -0.6725 0.6857 -0.2786
vn -0.9808 -0.0000 0.1952
vn 0.8314 -0.0000 -0.5556
vn -0.2785 0.6857 -0.6725
vn -0.6052 0.6857 -0.4044
vn -0.6725 0.6857 0.2786
vn -0.6052 0.6857 0.4044
vn -0.4044 0.6857 0.6053
vn -0.5147 0.6857 0.5146
vn 0.2785 0.6857 0.6725
vn 0.5147 0.6857 0.5147
vn 0.6052 0.6857 0.4044
vn 0.6725 0.6857 -0.2786
vn 0.7139 0.6857 -0.1420
vn -0.5555 -0.0000 0.8315
vn -0.7072 -0.0000 0.7071
vn -0.0005 -1.0000 0.0003
vn 0.0017 -1.0000 0.0022
vn 0.0229 -0.9997 -0.0070
vn 0.0245 -0.9997 -0.0076
vn -0.0117 0.9999 -0.0101
vn -0.1154 0.9927 0.0343
vn -0.0028 0.9999 -0.0139
vn 0.0162 -0.9999 0.0012
vn 0.0018 -1.0000 -0.0009
vn 0.0009 -1.0000 -0.0009
vn -0.0334 0.9994 -0.0091
vn -0.0015 1.0000 -0.0018
vn -0.0363 0.9993 -0.0096
vn 0.0001 1.0000 -0.0001
vn -0.0000 1.0000 -0.0015
vn -0.0000 1.0000 -0.0001
vn -0.3802 -0.0000 0.9249
vn -0.9239 -0.0000 -0.3825
vn 0.9239 -0.0000 -0.3825
vn -0.9109 -0.0000 -0.4127
vn -0.9108 -0.0001 0.4128
vn -0.3831 -0.0000 -0.9237
vn -0.3825 -0.0000 -0.9239
vn 0.9109 -0.0000 0.4127
vn -0.9110 0.0001 0.4124
vn -0.9809 -0.0000 0.1946
vn -0.9239 -0.0002 0.3827
vn 0.3862 0.0005 0.9224
vn 0.3812 -0.0000 0.9245
vn 0.3865 0.0005 0.9223
vn 0.3831 -0.0000 -0.9237
vn 0.9239 -0.0000 0.3825
vn 1.0000 0.0009 -0.0000
vn 0.9239 0.0009 0.3827
vn -0.2268 0.8055 -0.5475
vn -0.4190 0.8055 -0.4190
vn -0.5475 0.8055 -0.2268
vn -0.5926 0.8055 -0.0000
vn -0.2268 0.8055 0.5475
vn -0.4190 0.8055 0.4190
vn -0.5475 0.8055 0.2268
vn 0.2268 0.8055 0.5475
vn 0.4190 0.8055 0.4190
vn -0.0000 0.8055 0.5926
vn 0.5475 0.8055 0.2268
vn 0.5926 0.8055 -0.0000
vn 0.5475 0.8055 -0.2268
vn 0.4190 0.8055 -0.4190
vn 0.2268 0.8055 -0.5475
vn -0.0000 0.8055 -0.5926
vn -0.9239 0.0009 0.3827
vn -1.0000 0.0009 -0.0000
vn -0.9239 0.0009 -0.3827
vn -0.7071 0.0009 0.7071
vn 0.9239 0.0009 -0.3827
vn -0.3827 0.0009 0.9239
vn 0.7071 0.0009 -0.7071
vn -0.0000 0.0009 1.0000
vn 0.3827 0.0009 -0.9239
vn 0.3827 0.0009 0.9239
vn -0.0000 0.0009 -1.0000
vn 0.7071 0.0009 0.7071
vn -0.7071 0.0009 -0.7071
vn -0.3827 0.0009 -0.9239
vn -0.7130 -0.0542 -0.6991
vn -0.9192 -0.0218 -0.3933
vn -0.6992 -0.0558 -0.7128
vn 0.9998 -0.0156 0.0118
vn 0.9281 0.0197 0.3718
vn 0.9192 0.0219 0.3932
vn 0.9265 -0.0508 -0.3728
vn 0.9998 -0.0178 -0.0117
vn -0.9281 -0.0197 -0.3718
vn -0.9998 0.0156 -0.0117
vn 0.7098 -0.0782 -0.7000
vn 0.9188 -0.0524 -0.3913
vn -0.9998 0.0178 0.0117
vn -0.9265 0.0508 0.3728
vn 0.3834 -0.0934 -0.9189
vn 0.7002 -0.0789 -0.7096
vn -0.9188 0.0525 0.3913
vn -0.7098 0.0782 0.7001
vn 0.3756 0.0811 0.9232
vn 0.0021 0.0942 0.9955
vn -0.0020 0.0943 0.9955
vn -0.0021 -0.0942 -0.9955
vn 0.3787 -0.0935 -0.9208
vn -0.7001 0.0790 0.7096
vn -0.3834 0.0934 0.9188
vn 0.6991 0.0558 0.7128
vn 0.3874 0.0805 0.9184
vn -0.3756 -0.0811 -0.9232
vn 0.0020 -0.0944 -0.9955
vn -0.3787 0.0935 0.9208
vn 0.7130 0.0543 0.6991
vn -0.3874 -0.0805 -0.9184
vn -0.9239 0.0061 -0.3827
vn -0.7372 -0.6757 0.0003
vn -1.0000 0.0061 -0.0000
vn 0.4289 -0.7951 0.4289
vn 0.2321 -0.7951 0.5603
vn 0.6065 -0.7951 -0.0000
vn 0.5603 -0.7951 0.2321
vn 0.2321 -0.7951 -0.5603
vn 0.4288 -0.7951 -0.4288
vn 0.5603 -0.7951 -0.2321
vn -0.4288 -0.7951 -0.4288
vn -0.2321 -0.7951 -0.5603
vn -0.0000 -0.7951 -0.6065
vn -0.5603 -0.7951 -0.2321
vn -0.5603 -0.7951 0.2321
vn -0.6065 -0.7951 -0.0000
vn -0.4289 -0.7951 0.4289
vn -0.2321 -0.7951 0.5603
vn -0.0000 -0.7951 0.6065
vn 1.0000 0.0061 -0.0000
vn 0.6835 -0.6729 -0.2829
vn 0.9239 0.0061 -0.3827
vn 0.9239 0.0061 0.3827
vn 0.7384 -0.6743 0.0003
vn 0.5240 -0.6717 -0.5238
vn 0.7071 0.0061 -0.7071
vn -0.6798 -0.6771 0.2819
vn -0.9239 0.0061 0.3827
vn 0.2837 -0.6710 -0.6850
vn 0.3827 0.0061 -0.9239
vn -0.5196 -0.6781 0.5198
vn -0.7071 0.0061 0.7071
vn -0.0000 -0.6711 -0.7414
vn -0.0000 0.0061 -1.0000
vn -0.2809 -0.6788 0.6785
vn -0.3827 0.0061 0.9239
vn -0.2837 -0.6715 -0.6845
vn -0.3827 0.0061 -0.9239
vn -0.0001 -0.6788 0.7343
vn -0.0000 0.0061 1.0000
vn -0.5231 -0.6730 -0.5228
vn -0.7071 0.0061 -0.7071
vn -0.2445 -0.7608 -0.6011
vn 0.0013 -0.7645 -0.6446
vn 0.5201 -0.6772 0.5205
vn 0.6806 -0.6761 0.2823
vn -0.6825 -0.6742 -0.2824
vn 0.2810 -0.6782 0.6790
vn 0.3827 0.0061 0.9239
vn 0.7071 0.0061 0.7071
vn 0.4940 -0.7224 0.4838
vn 0.6946 -0.6550 0.2974
vn 0.6322 -0.7323 0.2530
vn -0.4601 -0.7538 -0.4692
vn -0.6140 -0.7442 -0.2629
vn -0.6796 -0.7335 -0.0084
vn -0.6408 -0.7233 0.2575
vn -0.4977 -0.7154 0.4904
vn -0.2710 -0.7109 0.6489
vn 0.0016 -0.7106 0.7036
vn 0.2721 -0.7148 0.6442
vn 0.6691 -0.7431 -0.0081
vn 0.6055 -0.7528 -0.2581
vn 0.4562 -0.7602 -0.4625
vn 0.2454 -0.7643 -0.5964
vn -0.6886 -0.6707 -0.2757
vn -0.2962 -0.6274 0.7202
vn -0.7043 -0.6433 0.3002
vn -0.2802 -0.6933 -0.6640
vn -0.7542 -0.6565 0.0090
vn 0.7430 -0.6692 0.0089
vn 0.6782 -0.6823 -0.2728
vn -0.5436 -0.6331 0.5511
vn 0.5137 -0.6926 -0.5065
vn -0.0015 -0.6983 -0.7158
vn 0.2758 -0.6981 -0.6608
vn 0.2919 -0.6322 0.7177
vn -0.5212 -0.6836 -0.5109
vn 0.5368 -0.6420 0.5475
vn -0.3083 -0.5925 0.7442
vn -0.5697 -0.5923 0.5697
vn -0.3083 -0.5924 0.7443
vn -0.0000 -0.5926 0.8055
vn 0.3083 -0.5925 -0.7442
vn 0.5695 -0.5928 -0.5694
vn -0.0000 -0.5926 -0.8055
vn 0.3083 -0.5925 0.7442
vn 0.5697 -0.5923 0.5697
vn 0.8055 -0.5926 -0.0000
vn 0.7443 -0.5925 -0.3082
vn 0.7445 -0.5921 -0.3084
vn -0.3083 -0.5925 -0.7442
vn -0.3083 -0.5926 -0.7441
vn -0.5695 -0.5928 -0.5694
vn -0.5694 -0.5928 -0.5695
vn -0.7443 -0.5925 -0.3082
vn -0.8055 -0.5926 -0.0000
vn -0.7443 -0.5925 0.3082
vn -0.7443 -0.5925 0.3083
vn 0.7443 -0.5925 0.3082
vn 0.7445 -0.5921 0.3084
vn 0.5694 -0.5928 -0.5695
vn -0.2051 0.9570 -0.2051
vn -0.2680 0.9570 -0.1110
vn 0.2681 0.9570 0.1110
vn 0.2902 0.9570 -0.0000
vn 0.5133 -0.6876 -0.5136
vn 0.2759 -0.9543 -0.1149
vn 0.2110 -0.9545 -0.2109
vn -0.5165 -0.6836 -0.5157
vn -0.2785 -0.9530 -0.1193
vn -0.6739 -0.6844 -0.2783
vn -0.1110 0.9570 0.2680
vn -0.0000 0.9570 0.2901
vn -0.2679 0.9570 0.1110
vn -0.2051 0.9570 0.2051
vn -0.0008 0.9571 -0.2898
vn -0.1110 0.9570 -0.2681
vn 0.1110 0.9570 0.2680
vn 0.1109 0.9564 -0.2701
vn 0.2051 0.9570 0.2051
vn -0.2901 0.9570 -0.0000
vn 0.2052 0.9570 -0.2052
vn 0.1119 -0.9554 0.2732
vn -0.2777 -0.9541 0.1119
vn 0.1143 -0.9540 -0.2771
vn -0.2125 -0.9527 -0.2171
vn -0.2799 -0.6833 -0.6744
vn -0.1142 -0.9523 -0.2828
vn 0.2681 0.9570 -0.1110
vn -0.5136 -0.6866 0.5146
vn -0.1161 -0.9548 0.2735
vn -0.2771 -0.6877 0.6710
vn 0.2774 -0.6894 0.6691
vn 0.2100 -0.9551 0.2091
vn 0.5123 -0.6889 0.5128
vn 0.0006 -0.6882 0.7255
vn 0.0011 -0.6849 -0.7286
vn -0.0000 0.9990 0.0439
vn 0.6701 -0.6883 0.2779
vn 0.2753 -0.9547 0.1132
vn -0.2130 -0.9544 0.2092
vn -0.6713 -0.6867 0.2787
vn -0.7283 -0.6853 0.0011
vn -0.0404 0.9990 -0.0168
vn -0.0438 0.9990 -0.0000
vn -0.0310 0.9990 -0.0310
vn -0.0018 -0.9551 0.2962
vn -0.0168 0.9990 0.0404
vn 0.0406 0.9990 0.0168
vn 0.2785 -0.6872 -0.6710
vn 0.6710 -0.6874 -0.2778
vn 0.2984 -0.9544 -0.0007
vn 0.0002 -0.9533 -0.3021
vn 0.0309 0.9990 0.0309
vn 0.0178 0.9990 -0.0413
vn -0.0168 0.9990 -0.0405
vn -0.0004 0.9991 -0.0424
vn 0.0168 0.9990 0.0404
vn 0.0440 0.9990 -0.0000
vn 0.0407 0.9990 -0.0168
vn -0.3016 -0.9534 -0.0037
vn 0.0295 0.9991 -0.0295
vn -0.0404 0.9990 0.0168
vn -0.0310 0.9990 0.0310
vn 0.7261 -0.6876 0.0002
vn 0.6839 -0.2539 -0.6839
vn 0.3701 -0.2539 -0.8936
vn -0.0000 -0.2540 -0.9672
vn -0.6839 -0.2539 -0.6839
vn -0.3701 -0.2543 -0.8935
vn -0.8935 -0.2543 -0.3701
vn -0.9672 -0.2540 -0.0000
vn -0.6840 -0.2534 0.6841
vn -0.8935 -0.2543 0.3701
vn -0.0000 -0.2537 0.9673
vn -0.3702 -0.2536 0.8937
vn 0.6839 -0.2539 0.6839
vn 0.3701 -0.2543 0.8935
vn 0.8935 -0.2543 0.3701
vn 0.9672 -0.2540 -0.0000
vn 0.8935 -0.2543 -0.3701
vn 0.5874 0.5566 -0.5874
vn 0.3179 0.5567 -0.7675
vn -0.0000 0.5567 -0.8307
vn -0.3179 0.5566 -0.7675
vn -0.5874 0.5566 -0.5874
vn -0.7675 0.5567 -0.3179
vn -0.8307 0.5567 -0.0000
vn -0.7675 0.5566 0.3179
vn -0.5881 0.5553 0.5881
vn -0.0000 0.5555 0.8315
vn -0.3179 0.5567 0.7675
vn 0.3179 0.5566 0.7675
vn 0.5874 0.5566 0.5874
vn 0.7675 0.5567 0.3179
vn 0.8307 0.5567 -0.0000
vn 0.7675 0.5566 -0.3179
vn 0.3521 0.3312 0.8754
vn -0.4709 -0.7223 0.5065
vn 0.2682 0.3848 0.8832
vn -0.0019 -0.9991 -0.0427
vn 0.9872 -0.0051 0.1596
vn 0.9985 0.0012 -0.0552
vn -0.0269 -0.9794 -0.2002
vn 0.9631 0.0293 -0.2676
vn -0.5414 -0.5338 -0.6496
vn 0.4551 0.4233 -0.7833
vn 0.3848 0.4889 -0.7829
vn -0.6289 -0.4540 -0.6311
vn 0.3112 0.5618 -0.7665
vn -0.7245 -0.3618 -0.5867
vn 0.2352 0.6434 -0.7284
vn -0.0014 -0.9965 0.0832
vn 0.9309 0.0263 0.3644
vn -0.3903 -0.6657 -0.6361
vn 0.5930 0.3043 -0.7455
vn 0.5239 0.3627 -0.7707
vn -0.4624 -0.6033 -0.6498
vn -0.0344 0.6479 -0.7610
vn -0.9978 0.0129 -0.0657
vn 0.0227 0.9469 -0.3206
vn -0.1916 -0.8344 -0.5168
vn 0.8191 0.1282 -0.5592
vn 0.7404 0.1874 -0.6456
vn -0.2563 -0.7793 -0.5718
vn 0.6648 0.2465 -0.7051
vn -0.3223 -0.7235 -0.6104
vn -0.9115 -0.1503 -0.3830
vn 0.1602 0.7319 -0.6623
vn 0.0941 0.8200 -0.5646
vn -0.9734 -0.0524 -0.2231
vn 0.0463 0.8965 -0.4406
vn 0.0912 0.5365 0.8390
vn -0.8505 -0.3762 0.3676
vn 0.0543 0.5906 0.8051
vn 0.1396 0.4853 0.8631
vn -0.7474 -0.4963 0.4416
vn 0.1981 0.4354 0.8782
vn -0.6484 -0.5882 0.4833
vn -0.5567 -0.6612 0.5029
vn -0.8230 -0.2580 -0.5061
vn 0.4527 0.2728 0.8489
vn -0.3886 -0.7766 0.4958
vn 0.5709 0.2086 0.7941
vn -0.3077 -0.8273 0.4700
vn 0.7015 0.1414 0.6985
vn -0.2273 -0.8753 0.4268
vn 0.8294 0.0777 0.5532
vn -0.1511 -0.9196 0.3626
vn -0.0838 -0.9567 0.2787
vn 0.0614 -0.7597 -0.6474
vn 0.9960 0.0860 -0.0224
vn 0.9724 -0.1092 0.2062
vn 0.0312 0.6467 0.7621
vn -0.9964 -0.0325 0.0779
vn 0.0226 0.6993 0.7145
vn -0.9435 -0.2201 0.2477
vn -0.9743 0.1655 -0.1531
vn -0.2799 0.3225 0.9042
vn 0.0236 0.7439 0.6679
vn -0.1284 -0.8883 -0.4409
vn 0.8958 0.0726 -0.4386
vn -0.1760 -0.9797 -0.0958
vn 0.4865 -0.5011 0.7157
vn 0.9444 0.2688 -0.1895
vn 0.8540 0.4217 -0.3049
vn 0.7544 0.5382 -0.3758
vn 0.6593 0.6259 -0.4165
vn 0.5718 0.6941 -0.4374
vn 0.4900 0.7498 -0.4446
vn 0.4107 0.7979 -0.4413
vn 0.3311 0.8419 -0.4260
vn 0.2496 0.8838 -0.3958
vn 0.1679 0.9232 -0.3456
vn 0.0414 0.9831 -0.1781
vn 0.0188 0.9966 -0.0806
vn 0.0102 0.9990 0.0424
vn 0.1017 0.9407 0.3236
vn 0.1670 0.8946 0.4145
vn 0.2334 0.8454 0.4805
vn 0.2990 0.7955 0.5270
vn 0.3629 0.7448 0.5599
vn 0.4273 0.6916 0.5823
vn 0.4945 0.6333 0.5953
vn 0.5672 0.5666 0.5977
vn 0.6480 0.4885 0.5843
vn 0.7372 0.3965 0.5472
vn 0.8301 0.2917 0.4752
vn 0.9746 0.0882 0.2056
vn 0.9972 0.0495 0.0567
vn 0.8187 -0.1179 -0.5619
vn -0.0700 -0.9381 -0.3393
vn -0.2735 -0.3932 -0.8779
vn -0.9984 0.0118 0.0558
vn -0.9624 -0.0114 0.2715
vn 0.0399 0.9798 0.1961
vn -0.0152 -0.8941 0.4475
vn -0.0197 -0.9436 0.3304
vn -0.7424 -0.1953 0.6408
vn -0.6685 -0.2568 0.6980
vn -0.9874 -0.0071 -0.1584
vn -0.5298 -0.3725 0.7620
vn -0.4607 -0.4306 0.7761
vn -0.3883 -0.4926 0.7789
vn -0.3108 -0.5615 0.7669
vn -0.2272 -0.6394 0.7345
vn -0.5982 -0.3153 0.7367
vn -0.0662 -0.8149 0.5759
vn 0.9148 0.1833 0.3600
vn -0.0287 -0.5790 -0.8148
vn -0.0817 -0.5301 -0.8440
vn -0.1392 -0.4851 -0.8633
vn -0.2021 -0.4403 -0.8748
vn -0.1417 -0.7259 0.6731
vn 0.0431 -0.6951 -0.7177
vn 0.0164 -0.6346 -0.7726
vn -0.5731 -0.2172 -0.7902
vn -0.7025 -0.1474 -0.6963
vn 0.0942 0.9578 -0.2715
vn -0.8298 -0.0819 -0.5521
vn -0.3573 -0.3415 -0.8693
vn -0.4565 -0.2826 -0.8437
vn -0.8955 -0.0691 0.4397
vn -0.8196 -0.1315 0.5576
vn -0.9311 -0.0323 -0.3634
vn -0.0333 -0.9829 0.1812
vn -0.8265 -0.0551 -0.5603
vn -0.9719 -0.1852 0.1452
vn -0.0177 -0.9345 -0.3556
vn 0.9215 0.3195 -0.2207
vn -0.4140 0.5984 -0.6859
vn -0.4338 0.6342 -0.6400
vn -0.4262 0.6706 -0.6072
vn -0.4091 0.6940 -0.5925
vn 0.9018 0.1166 -0.4160
vn -0.3960 0.7021 -0.5919
vn 0.8226 -0.0674 -0.5646
vn -0.3940 0.6982 -0.5977
vn 0.7169 -0.2153 -0.6631
vn -0.4047 0.6862 -0.6044
vn 0.6071 -0.3312 -0.7223
vn -0.4316 0.6682 -0.6060
vn 0.5004 -0.4239 -0.7549
vn -0.4744 0.6403 -0.6041
vn 0.3915 -0.5081 -0.7672
vn -0.5304 0.6063 -0.5925
vn 0.2755 -0.5878 -0.7606
vn -0.6002 0.5699 -0.5613
vn 0.1610 -0.6593 -0.7344
vn -0.6827 0.5293 -0.5037
vn 0.0479 -0.7274 -0.6845
vn -0.7693 0.4876 -0.4128
vn -0.0683 -0.7948 -0.6030
vn -0.8447 0.4506 -0.2889
vn -0.1782 -0.8563 -0.4847
vn -0.8942 0.4235 -0.1447
vn -0.2677 -0.9035 -0.3348
vn -0.3469 -0.9379 0.0023
vn -0.9090 0.4167 -0.0061
vn -0.3302 -0.9230 0.1975
vn -0.8959 0.4304 0.1103
vn -0.8686 0.4492 0.2091
vn -0.8305 0.4760 0.2892
vn -0.2761 -0.8784 0.3902
vn -0.7886 0.5066 0.3486
vn -0.1994 -0.8131 0.5470
vn -0.7472 0.5381 0.3900
vn -0.1131 -0.7391 0.6640
vn -0.7085 0.5689 0.4176
vn -0.0252 -0.6635 0.7477
vn 0.1475 -0.5133 0.8454
vn -0.6726 0.5990 0.4345
vn 0.2353 -0.4353 0.8690
vn -0.6391 0.6286 0.4432
vn 0.3281 -0.3512 0.8769
vn -0.6072 0.6587 0.4443
vn 0.4284 -0.2573 0.8662
vn -0.5764 0.6898 0.4381
vn 0.5377 -0.1500 0.8297
vn -0.5472 0.7223 0.4230
vn 0.6532 -0.0281 0.7567
vn -0.5202 0.7554 0.3984
vn 0.7647 0.1031 0.6361
vn -0.4969 0.7875 0.3646
vn 0.8546 0.2299 0.4656
vn -0.4787 0.8162 0.3236
vn -0.4693 0.8367 0.2822
vn 0.9061 0.3302 0.2646
vn -0.3535 0.5541 0.7537
vn 0.7376 0.1629 0.6553
vn -0.0328 0.1980 -0.9796
vn 0.8718 0.4892 -0.0249
vn 0.9262 0.1611 -0.3408
vn 0.5509 -0.8218 0.1454
vn -0.8738 -0.4864 0.0037
vn 0.3211 -0.6596 0.6795
vn -0.9063 -0.1086 0.4085
vn 0.3162 -0.6845 0.6568
vn -0.8244 0.0705 0.5617
vn 0.3245 -0.6873 0.6499
vn -0.7164 0.2142 0.6640
vn 0.3361 -0.6844 0.6470
vn -0.6045 0.3263 0.7267
vn 0.3517 -0.6755 0.6481
vn -0.4957 0.4156 0.7626
vn 0.3743 -0.6607 0.6506
vn -0.3829 0.4944 0.7804
vn 0.4071 -0.6360 0.6555
vn -0.2620 0.5699 0.7788
vn 0.4571 -0.6036 0.6532
vn -0.1422 0.6385 0.7564
vn 0.5212 -0.5665 0.6383
vn -0.0205 0.7026 0.7113
vn 0.5981 -0.5213 0.6087
vn 0.1081 0.7661 0.6336
vn 0.6897 -0.4697 0.5511
vn 0.2316 0.8255 0.5147
vn 0.7867 -0.4174 0.4548
vn 0.3900 0.9026 0.1821
vn 0.9227 -0.3513 0.1588
vn -0.3236 -0.9306 -0.1709
vn 0.4030 0.9152 -0.0017
vn 0.9406 -0.3395 0.0055
vn 0.3196 0.8583 -0.4015
vn 0.8958 -0.3709 -0.2448
vn 0.2346 0.7946 -0.5600
vn 0.8480 -0.4122 -0.3331
vn 0.1408 0.7224 -0.6770
vn 0.7975 -0.4561 -0.3949
vn 0.0473 0.6482 -0.7600
vn 0.7496 -0.4980 -0.4361
vn -0.0437 0.5746 -0.8173
vn 0.7056 -0.5365 -0.4629
vn 0.0614 -0.5885 0.8062
vn -0.1321 0.4999 -0.8560
vn 0.6651 -0.5717 -0.4805
vn -0.2218 0.4220 -0.8790
vn 0.6266 -0.6052 -0.4910
vn -0.3154 0.3374 -0.8870
vn 0.5883 -0.6386 -0.4961
vn -0.4160 0.2423 -0.8765
vn 0.5486 -0.6735 -0.4954
vn -0.5248 0.1324 -0.8408
vn 0.5067 -0.7117 -0.4865
vn -0.6399 0.0078 -0.7684
vn 0.4627 -0.7541 -0.4660
vn -0.7514 -0.1262 -0.6477
vn 0.4207 -0.7994 -0.4290
vn -0.8949 -0.3593 -0.2647
vn 0.3732 -0.8773 -0.3017
vn -0.7401 -0.4922 0.4584
vn 0.3200 -0.8758 0.3613
vn 0.3109 -0.6757 0.6684
vn 0.3317 0.8730 0.3576
vn 0.8706 -0.3748 0.3186
vn 0.9308 -0.3417 -0.1298
vn 0.3880 -0.8424 -0.3739
vn -0.3917 -0.7811 -0.4863
vn 0.6971 0.7141 -0.0651
vn 0.4858 0.7768 0.4007
vn 0.5291 0.8410 -0.1129
vn -0.2853 -0.2769 -0.9176
vn 0.0784 0.1513 -0.9854
vn 0.1469 0.3594 -0.9215
vn 0.4216 0.7161 -0.5563
vn 0.5038 0.5549 -0.6620
vn -0.5476 -0.7460 -0.3788
vn -0.3780 -0.3355 -0.8629
vn -0.5420 -0.7927 0.2790
vn -0.4297 -0.4142 0.8024
vn -0.6859 -0.6917 0.2261
vn 0.6961 0.1990 -0.6898
vn -0.1511 0.9038 -0.4004
vn 0.0237 0.9745 0.2231
vn -0.0013 0.9060 -0.4233
vn 0.0490 0.0210 0.9986
vn -0.5757 0.0204 0.8174
vn -0.5755 -0.1789 0.7980
vn 0.9654 0.2534 -0.0608
vn 0.7724 -0.0551 0.6328
vn 0.7042 0.1986 0.6817
vn 0.7583 -0.0511 -0.6499
vn 0.5192 0.5594 0.6461
vn 0.0354 0.0869 0.9956
vn -0.6494 -0.6444 -0.4037
vn 0.1922 -0.0202 -0.9811
vn 0.1195 0.0349 -0.9922
vn -0.4748 0.0137 -0.8800
vn -0.4828 -0.1561 -0.8617
vn -0.9049 0.0358 -0.4242
vn -0.8639 -0.2803 -0.4184
vn 0.1980 -0.0176 -0.9800
vn -0.9732 0.0405 0.2264
vn -0.9284 -0.2996 0.2197
vn 0.1223 -0.0204 0.9923
vn 0.1170 -0.0158 0.9930
vn 0.9959 -0.0712 -0.0553
vn 0.7696 -0.0948 0.6315
vn -0.8987 0.1085 -0.4249
vn -0.9666 0.1126 0.2301
vn -0.5681 0.0621 0.8206
vn -0.5648 0.0806 0.8213
vn 0.1982 -0.0240 -0.9799
vn 0.7569 -0.0857 -0.6479
vn -0.4645 0.0760 -0.8823
vn -0.4674 0.0604 -0.8820
vn -0.9623 0.1446 0.2303
vn -0.8945 0.1384 -0.4251
vn 0.9799 -0.1919 -0.0549
vn 0.7665 -0.1203 0.6308
vn 0.9873 -0.1495 -0.0544
vn 0.7540 -0.1104 -0.6476
vn 0.9916 -0.1170 -0.0544
vn 0.1936 -0.0317 -0.9806
vn 0.7471 -0.1425 -0.6492
vn -0.4634 0.0969 -0.8808
vn -0.5628 0.1057 0.8198
vn -0.9551 0.1868 0.2300
vn -0.8882 0.1778 -0.4237
vn 0.9528 -0.2981 -0.0569
vn 0.7594 -0.1530 0.6324
vn 0.1228 -0.0248 0.9921
vn 0.1687 -0.0492 -0.9844
vn 0.7187 -0.2369 -0.6537
vn 0.7298 -0.2489 0.6367
vn 0.1185 -0.0294 0.9925
vn -0.4565 0.1925 -0.8687
vn -0.5518 0.2156 0.8056
vn -0.9029 0.3676 0.2226
vn -0.8421 0.3484 -0.4117
vn 0.0932 -0.0410 0.9948
vn -0.3888 0.4687 0.7932
vn 0.0303 -0.0894 0.9955
vn -0.0827 0.5880 0.8046
vn 0.7586 -0.6486 -0.0621
vn 0.1832 -0.7362 0.6515
vn 0.0349 -0.0476 0.9983
vn 0.5396 -0.5141 0.6668
vn 0.5288 -0.5097 -0.6787
vn 0.2567 -0.9646 -0.0603
vn -0.2864 -0.3631 0.8867
vn 0.1935 0.3676 0.9096
vn 0.0850 -0.0929 -0.9920
vn 0.1481 -0.7320 -0.6650
vn -0.3358 0.4032 -0.8513
vn 0.0001 -0.1564 -0.9877
vn 0.0124 -0.7789 0.6270
vn 0.0356 -0.1214 0.9920
vn 0.0395 0.5778 0.8152
vn -0.5723 0.7174 -0.3973
vn -0.1086 0.5006 -0.8589
vn -0.6057 0.7640 0.2223
vn -0.0395 -0.1824 -0.9824
vn -0.0171 -0.9976 -0.0664
vn -0.0360 -0.7517 -0.6585
vn -0.0250 0.4803 -0.8767
vn -0.1420 0.9633 0.2279
vn -0.7441 0.6654 0.0597
vn -0.4473 0.7146 -0.5378
vn -0.5447 0.8385 -0.0144
vn 0.8000 0.0784 0.5949
vn 0.2818 -0.0607 0.9575
vn 0.7959 -0.2055 0.5695
vn -0.0545 0.0161 -0.9984
vn 0.5711 0.0474 -0.8195
vn 0.5890 -0.1401 -0.7959
vn -0.4482 0.7055 0.5490
vn 0.0216 0.0807 0.9965
vn -0.4657 0.4572 0.7577
vn 0.4477 -0.3994 -0.8000
vn 0.5552 -0.7996 -0.2288
vn 0.3254 -0.4072 -0.8534
vn -0.6102 0.1124 0.7843
vn 0.1322 0.0135 0.9911
vn -0.6843 -0.0844 0.7243
vn 0.9879 0.0882 -0.1279
vn 0.9621 -0.2512 -0.1064
vn 0.5951 -0.5787 0.5576
vn 0.1518 -0.1110 0.9822
vn 0.5372 -0.6914 0.4830
vn 0.7132 -0.6886 -0.1315
vn -0.0387 0.0763 -0.9963
vn -0.7283 0.1183 -0.6750
vn -0.1240 -0.0249 -0.9920
vn -0.5498 0.5137 -0.6587
vn -0.9877 0.1421 0.0648
vn -0.7711 -0.1049 -0.6281
vn -0.1223 -0.0236 -0.9922
vn 0.7905 0.1169 0.6013
vn 0.5660 0.0760 -0.8209
vn 0.1385 0.0259 0.9900
vn 0.9817 0.1397 -0.1296
vn -0.9897 -0.1324 0.0538
vn -0.7672 -0.1138 -0.6313
vn -0.6801 -0.0930 0.7272
vn 0.5638 0.1112 -0.8184
vn -0.7566 -0.1595 -0.6341
vn -0.1153 -0.0299 -0.9929
vn 0.9713 0.1993 -0.1298
vn 0.7838 0.1664 0.5984
vn -0.9781 -0.2006 0.0550
vn -0.9885 -0.1413 0.0544
vn 0.1437 0.0356 0.9890
vn -0.0935 -0.0419 -0.9947
vn 0.5471 0.2225 -0.8070
vn 0.9149 0.3824 -0.1291
vn 0.1576 0.0836 0.9840
vn -0.6695 -0.1330 0.7308
vn -0.9437 -0.3258 0.0569
vn -0.6364 -0.2257 0.7376
vn -0.7228 -0.2655 -0.6380
vn 0.7121 0.6874 -0.1428
vn 0.1705 0.5786 -0.7976
vn 0.2889 0.9444 -0.1572
vn 0.4395 0.4110 -0.7987
vn 0.5930 0.5622 0.5764
vn 0.2672 0.7771 0.5699
vn 0.7429 0.3237 0.5859
vn 0.1021 0.1527 0.9830
vn 0.1106 0.0876 0.9900
vn -0.1985 -0.6016 0.7738
vn -0.5272 -0.4212 0.7380
vn -0.1301 0.2721 -0.9534
vn -0.0628 -0.0625 -0.9961
vn -0.6031 -0.4706 -0.6441
vn -0.3560 -0.9326 0.0597
vn -0.2641 -0.6878 -0.6762
vn -0.8107 -0.5825 0.0583
vn 0.0410 0.0312 0.9987
vn -0.0341 -0.0576 -0.9978
vn -0.0187 -0.7803 -0.6251
vn 0.0158 -0.9977 0.0663
vn -0.0240 0.5839 -0.8115
vn -0.0386 -0.1178 -0.9923
vn 0.0345 0.7372 0.6748
vn 0.0015 0.9888 -0.1496
vn 0.0002 -0.9527 -0.3039
vn -0.0000 -0.9527 -0.3040
vn -0.0001 -0.9527 -0.3040
vn 1.0000 0.0008 -0.0022
vn 0.9202 0.1258 -0.3707
vn 1.0000 -0.0007 0.0022
vn -0.0000 -0.9527 -0.3039
vn 0.0001 -0.9527 -0.3040
vn -0.3724 0.2824 -0.8841
vn -0.0000 0.3042 -0.9526
vn -0.3723 0.2824 -0.8841
vn 0.0002 -0.9527 -0.3041
vn -0.6944 -0.2307 0.6816
vn -0.3727 -0.2975 0.8790
vn -0.3713 -0.2978 0.8794
vn 0.9185 0.1270 -0.3744
vn 0.6965 0.2302 -0.6796
vn -0.0000 0.3208 -0.9472
vn -0.3713 0.2977 -0.8795
vn -0.3728 0.2975 -0.8789
vn -0.0000 -0.3208 0.9472
vn -0.0000 -0.3208 0.9471
vn 0.6943 0.2309 -0.6816
vn 0.3728 0.2975 -0.8789
vn -0.6943 0.2309 -0.6816
vn -0.6965 0.2302 -0.6796
vn 0.3713 -0.2978 0.8794
vn -0.9185 0.1270 -0.3744
vn -0.9202 0.1258 -0.3707
vn 0.3727 -0.2975 0.8790
vn 0.6944 -0.2307 0.6816
vn -1.0000 0.0008 -0.0022
vn -1.0000 -0.0007 0.0022
vn 0.6966 -0.2301 0.6796
vn 0.9185 -0.1268 0.3745
vn -0.9202 -0.1259 0.3707
vn -0.9185 -0.1268 0.3745
vn 0.9201 -0.1256 0.3709
vn 0.6958 0.2185 -0.6842
vn 0.9195 0.1196 -0.3745
vn 1.0000 -0.0000 0.0001
vn 1.0000 0.0001 -0.0002
vn -0.6958 -0.2185 0.6842
vn -0.3723 -0.2822 0.8842
vn -0.9195 -0.1196 0.3745
vn -0.9194 -0.1196 0.3746
vn 0.9194 -0.1196 0.3746
vn 0.9194 -0.1193 0.3747
vn -1.0000 -0.0000 0.0001
vn -1.0000 0.0001 -0.0002
vn 0.6958 -0.2185 0.6842
vn -0.9195 0.1196 -0.3745
vn 0.3723 -0.2822 0.8842
vn -0.6957 0.2185 -0.6842
vn -0.6958 0.2185 -0.6842
vn 0.3722 0.2820 -0.8843
vn 0.3723 0.2824 -0.8841
vn -0.0000 -0.3039 0.9527
vn 0.0002 -0.9527 -0.3040
vn -0.0002 -0.9527 -0.3039
vn -0.0002 -0.9527 -0.3040
vn -0.0002 -0.9527 -0.3041
vn -0.0000 0.9524 0.3047
vn -0.0282 0.9287 0.3698
vn -0.0000 0.9269 0.3754
vn -0.0000 0.9726 0.2323
vn -0.0276 0.9709 0.2377
vn -0.0675 0.9413 0.3307
vn -0.0519 0.9338 0.3540
vn -0.0728 0.9502 0.3031
vn -0.0670 0.9588 0.2761
vn -0.0512 0.9661 0.2531
vn 0.0276 0.9709 0.2377
vn 0.0512 0.9661 0.2531
vn 0.0670 0.9588 0.2761
vn 0.0728 0.9502 0.3031
vn 0.0675 0.9413 0.3307
vn 0.0519 0.9338 0.3540
vn 0.0282 0.9287 0.3698
vn -0.6966 -0.2301 0.6796
vn 0.3713 0.2977 -0.8795
vn 0.9083 0.3772 0.1807
vn 0.8294 0.5340 -0.1642
vn 0.9081 0.3776 -0.1809
vn -0.9049 0.3858 0.1798
vn 0.7698 0.3774 0.5147
vn -0.9047 0.3861 -0.1800
vn 0.5139 0.3784 0.7699
vn 0.5556 -0.0000 0.8314
vn -0.7672 0.3858 -0.5124
vn 0.1799 0.3800 0.9073
vn -0.5132 0.3847 -0.7672
vn -0.5556 -0.0000 -0.8314
vn -0.1810 0.3817 0.9064
vn -0.1807 0.3835 -0.9057
vn -0.5136 0.3834 0.7676
vn 0.7694 0.3784 -0.5146
vn 0.5348 0.2653 -0.8023
vn 0.5415 0.7588 -0.3618
vn 0.8007 0.2678 -0.5359
vn 0.1798 0.3817 -0.9066
vn -0.1636 0.5314 -0.8312
vn 0.1670 0.5322 -0.8300
vn 0.4715 0.5328 -0.7027
vn 0.5135 0.3798 -0.7695
vn 0.7041 0.5334 -0.4688
vn 0.9443 0.2702 0.1878
vn 0.5415 0.7588 0.3618
vn 0.8004 0.2697 0.5353
vn 0.7035 0.5338 0.4692
vn 0.8292 0.5341 0.1649
vn 0.4711 0.5334 0.7026
vn 0.1668 0.5330 0.8295
vn -0.1634 0.5322 0.8307
vn -0.4693 0.5313 0.7054
vn -0.7041 0.5306 0.4720
vn -0.7677 0.3848 0.5125
vn -0.8314 0.5303 0.1661
vn -0.8319 0.5297 -0.1654
vn -0.7047 0.5301 -0.4717
vn -0.4700 0.5304 -0.7056
vn -0.3618 0.7588 0.5415
vn 0.3618 0.7588 -0.5415
vn -0.9488 0.2535 -0.1887
vn -0.6388 0.7588 0.1271
vn -0.6388 0.7588 -0.1271
vn 0.3618 0.7588 0.5415
vn 0.5346 0.2678 0.8016
vn -0.5415 0.7588 -0.3618
vn -0.8045 0.2538 -0.5370
vn 0.1870 0.2652 0.9459
vn 0.1271 0.7588 0.6388
vn -0.3618 0.7588 -0.5415
vn -0.5378 0.2559 -0.8033
vn -0.1271 0.7588 0.6388
vn -0.1894 0.2619 0.9463
vn -0.1895 0.2586 -0.9472
vn -0.1271 0.7588 -0.6388
vn -0.5377 0.2588 0.8025
vn 0.9444 0.2695 -0.1883
vn 0.6388 0.7588 -0.1271
vn -0.5415 0.7588 0.3618
vn -0.8043 0.2558 0.5364
vn 0.1871 0.2618 -0.9468
vn 0.6388 0.7588 0.1271
vn -0.9487 0.2541 0.1882
vn 0.1271 0.7588 -0.6388
vn 0.9068 0.1915 0.3756
vn -0.0000 0.7107 -0.7035
vn 0.3756 0.1915 -0.9068
vn -0.0000 0.1915 -0.9815
vn -0.0000 0.9846 -0.1748
vn -0.1954 0.8598 -0.4718
vn -0.0669 0.9846 -0.1615
vn -0.9815 0.1915 -0.0000
vn 0.6940 0.1915 0.6940
vn -0.9068 0.1915 -0.3756
vn 0.3756 0.1915 0.9068
vn -0.6940 0.1915 -0.6940
vn -0.0000 0.1915 0.9815
vn -0.3756 0.1915 -0.9068
vn 0.6940 0.1915 -0.6940
vn -0.3756 0.1915 0.9068
vn -0.0000 0.9519 -0.3063
vn -0.2692 0.7107 -0.6500
vn -0.1172 0.9519 -0.2830
vn 0.9068 0.1915 -0.3756
vn -0.6940 0.1915 0.6940
vn 0.9815 0.1915 -0.0000
vn -0.9068 0.1915 0.3756
vn 0.2168 0.9518 -0.2168
vn 0.6500 0.7107 -0.2692
vn 0.4974 0.7107 -0.4974
vn 0.3063 0.9519 -0.0000
vn 0.2830 0.9519 -0.1172
vn 0.6500 0.7107 0.2692
vn 0.7035 0.7107 -0.0000
vn 0.2168 0.9518 0.2168
vn 0.2830 0.9519 0.1172
vn 0.2692 0.7107 0.6500
vn 0.4974 0.7107 0.4974
vn -0.0000 0.9519 0.3063
vn 0.1172 0.9519 0.2830
vn -0.2692 0.7107 0.6500
vn -0.0000 0.7107 0.7035
vn -0.2168 0.9518 0.2168
vn -0.1172 0.9519 0.2830
vn -0.6500 0.7107 0.2692
vn -0.4974 0.7107 0.4974
vn -0.3063 0.9519 -0.0000
vn -0.2830 0.9519 0.1172
vn -0.6500 0.7107 -0.2692
vn -0.7035 0.7107 -0.0000
vn -0.2168 0.9518 -0.2168
vn -0.2830 0.9519 -0.1172
vn -0.4974 0.7107 -0.4974
vn -0.0000 0.5453 -0.8382
vn 0.3776 0.1627 -0.9116
vn -0.0000 0.1626 -0.9867
vn 0.2692 0.7107 -0.6500
vn 0.1172 0.9519 -0.2830
vn 0.9116 0.1627 -0.3776
vn 0.9867 0.1626 -0.0000
vn 0.9116 0.1627 0.3776
vn 0.6977 0.1628 0.6977
vn 0.3776 0.1627 0.9116
vn -0.0000 0.1626 0.9867
vn -0.3775 0.1630 0.9115
vn -0.6977 0.1628 0.6977
vn -0.9116 0.1627 0.3776
vn -0.9867 0.1626 -0.0000
vn -0.9116 0.1627 -0.3776
vn -0.6977 0.1628 -0.6977
vn -0.3776 0.1627 -0.9116
vn 0.1954 0.8598 -0.4718
vn 0.0669 0.9846 -0.1615
vn 0.6977 0.1628 -0.6977
vn -0.0000 0.8598 -0.5107
vn 0.5927 0.5454 -0.5927
vn 0.3208 0.5453 -0.7744
vn 0.3611 0.8598 -0.3611
vn 0.7744 0.5453 -0.3208
vn 0.8382 0.5453 -0.0000
vn 0.5107 0.8598 -0.0000
vn 0.4718 0.8598 -0.1954
vn 0.7744 0.5453 0.3208
vn 0.4718 0.8598 0.1954
vn 0.5927 0.5454 0.5927
vn 0.3611 0.8598 0.3611
vn 0.3208 0.5453 0.7744
vn -0.0000 0.5453 0.8382
vn -0.0000 0.8598 0.5107
vn 0.1954 0.8598 0.4718
vn -0.3208 0.5453 0.7744
vn -0.1954 0.8598 0.4718
vn -0.5927 0.5454 0.5927
vn -0.3611 0.8598 0.3611
vn -0.7744 0.5453 0.3208
vn -0.8382 0.5453 -0.0000
vn -0.5107 0.8598 -0.0000
vn -0.4718 0.8598 0.1954
vn -0.7744 0.5453 -0.3208
vn -0.4718 0.8598 -0.1954
vn -0.5927 0.5454 -0.5927
vn -0.3611 0.8598 -0.3611
vn -0.3208 0.5453 -0.7744
vn 0.1615 0.9846 -0.0669
vn 0.1236 0.9846 -0.1236
vn 0.1748 0.9846 -0.0000
vn 0.1615 0.9846 0.0669
vn 0.1236 0.9846 0.1236
vn 0.0669 0.9846 0.1615
vn -0.0669 0.9846 0.1615
vn -0.1236 0.9846 0.1236
vn -0.0000 0.9846 0.1748
vn -0.1615 0.9846 0.0669
vn -0.1748 0.9846 -0.0000
vn -0.1615 0.9846 -0.0669
vn -0.1236 0.9846 -0.1236
vn -0.3690 -0.3850 0.8459
vn 0.3766 -0.3837 0.8431
vn 0.3692 -0.3853 0.8457
vn -0.9132 -0.2045 0.3525
vn -0.3777 -0.3833 0.8429
vn 0.9230 0.0640 -0.3795
vn 0.9210 -0.1983 0.3352
vn 0.9166 0.0688 -0.3938
vn -0.3781 0.2531 -0.8905
vn -0.9166 0.0690 -0.3937
vn -0.9230 0.0642 -0.3795
vn 0.3782 0.2530 -0.8905
vn 0.3724 0.2536 -0.8928
vn 0.9132 -0.2052 0.3522
vn -0.9210 -0.1980 0.3354
vn -0.0152 0.9970 -0.0762
vn 0.0152 0.9970 -0.0762
vn -0.0766 0.9904 -0.1146
vn -0.0646 0.9970 -0.0432
vn -0.0432 0.9970 -0.0646
vn -0.1352 0.9904 -0.0269
vn -0.0762 0.9970 -0.0152
vn -0.0762 0.9970 0.0152
vn -0.1352 0.9904 0.0269
vn -0.0646 0.9970 0.0432
vn -0.1146 0.9904 0.0766
vn -0.0432 0.9970 0.0646
vn -0.0269 0.9904 0.1352
vn -0.0152 0.9970 0.0762
vn 0.0152 0.9970 0.0762
vn 0.0766 0.9904 0.1146
vn 0.0432 0.9970 0.0646
vn 0.0646 0.9970 0.0432
vn 0.1352 0.9904 0.0269
vn 0.0762 0.9970 0.0152
vn 0.0762 0.9970 -0.0151
vn 0.1146 0.9904 -0.0766
vn 0.0646 0.9970 -0.0432
vn 0.0432 0.9970 -0.0646
vn 0.0269 0.9904 -0.1352
vn 0.0151 -0.9970 0.0762
vn 0.0431 -0.9970 0.0646
vn -0.0151 -0.9970 0.0762
vn 0.0646 -0.9970 -0.0431
vn 0.0762 -0.9970 -0.0151
vn 0.0646 -0.9970 0.0431
vn 0.0766 -0.9905 0.1146
vn 0.1352 -0.9905 0.0269
vn 0.0762 -0.9970 0.0151
vn 0.1352 -0.9905 -0.0269
vn 0.1146 -0.9905 -0.0766
vn 0.0432 -0.9970 -0.0646
vn 0.0269 -0.9905 -0.1352
vn 0.0151 -0.9970 -0.0762
vn -0.0269 -0.9905 -0.1352
vn -0.0151 -0.9970 -0.0762
vn -0.0766 -0.9905 -0.1146
vn -0.0432 -0.9970 -0.0646
vn -0.0646 -0.9970 -0.0431
vn -0.1352 -0.9905 -0.0269
vn -0.0762 -0.9970 -0.0151
vn -0.1352 -0.9905 0.0269
vn -0.0762 -0.9970 0.0151
vn -0.1146 -0.9905 0.0766
vn -0.0646 -0.9970 0.0431
vn -0.0431 -0.9970 0.0646
vn -0.0269 -0.9905 0.1352
vn 0.0269 -0.9905 0.1352
vn 0.1876 -0.2751 -0.9429
vn -0.1876 -0.2752 -0.9429
vn -0.1876 -0.2750 -0.9429
vn -0.5341 -0.2751 -0.7994
vn -0.5341 -0.2752 -0.7994
vn -0.7994 -0.2752 -0.5341
vn -0.9429 -0.2753 -0.1876
vn -0.9429 -0.2752 0.1876
vn -0.7994 -0.2755 0.5339
vn -0.7994 -0.2752 0.5341
vn -0.5341 -0.2752 0.7994
vn -0.5341 -0.2751 0.7994
vn -0.1876 -0.2753 0.9429
vn -0.1876 -0.2751 0.9429
vn 0.1876 -0.2752 0.9429
vn 0.1876 -0.2750 0.9429
vn 0.5342 -0.2755 0.7992
vn 0.5341 -0.2752 0.7994
vn 0.7994 -0.2755 0.5339
vn 0.7994 -0.2751 0.5341
vn 0.9429 -0.2753 0.1876
vn 0.9429 -0.2752 -0.1876
vn 0.7994 -0.2755 -0.5339
vn 0.7994 -0.2752 -0.5341
vn 0.5341 -0.2752 -0.7994
vn 0.5341 -0.2751 -0.7994
vn 0.1876 -0.2753 -0.9429
vn 0.0329 0.9989 -0.0330
vn 0.3826 -0.0000 0.9239
vn -0.1235 0.9916 0.0377
vn 0.0173 -0.9998 0.0014
vn -0.9239 0.0002 0.3826
vn 0.3813 -0.0000 0.9245
vn -0.0016 -0.6271 0.7789
vn -0.9281 -0.3080 0.2093
vn 0.3800 0.9022 -0.2042
vn -0.8417 -0.2547 -0.4762
vn 0.0387 -0.6702 0.7412
vn -0.0000 0.3208 -0.9471
vn -0.3739 0.2535 -0.8921
vn -0.1146 0.9904 -0.0766
vn -0.0766 0.9904 0.1146
vn 0.0269 0.9904 0.1352
vn 0.1146 0.9904 0.0766
vn 0.1352 0.9904 -0.0269
vn 0.0766 0.9904 -0.1146
vn -0.0269 0.9904 -0.1352
vn 0.1146 -0.9905 0.0766
vn 0.0766 -0.9905 -0.1146
vn -0.1146 -0.9905 -0.0766
vn -0.0766 -0.9905 0.1146
vt 0.596775 0.040813
vt 0.559599 0.026696
vt 0.596775 0.026696
vt 0.522423 0.248678
vt 0.559599 0.232396
vt 0.559599 0.248678
vt 0.485246 0.232396
vt 0.522423 0.232396
vt 0.448070 0.248678
vt 0.485246 0.248678
vt 0.410894 0.248678
vt 0.448070 0.232396
vt 0.373718 0.248678
vt 0.410894 0.232396
vt 0.336542 0.232396
vt 0.373718 0.232396
vt 0.299365 0.248678
vt 0.336542 0.248678
vt 0.262189 0.248678
vt 0.299365 0.232396
vt 0.225013 0.248678
vt 0.262189 0.232396
vt 0.187837 0.232396
vt 0.225013 0.232396
vt 0.150661 0.248678
vt 0.187837 0.248678
vt 0.113485 0.248678
vt 0.150661 0.232396
vt 0.076308 0.248678
vt 0.113485 0.232396
vt 0.039132 0.232396
vt 0.076308 0.232396
vt 0.559599 0.083102
vt 0.596775 0.083102
vt 0.039132 0.040813
vt 0.001956 0.026696
vt 0.039132 0.026696
vt 0.001956 0.232396
vt 0.039132 0.210428
vt 0.596775 0.210428
vt 0.559599 0.210428
vt 0.039132 0.181856
vt 0.076308 0.083102
vt 0.076308 0.181856
vt 0.039132 0.083102
vt 0.076308 0.040813
vt 0.076308 0.210428
vt 0.113485 0.083102
vt 0.113485 0.181856
vt 0.113485 0.040813
vt 0.113485 0.210428
vt 0.150661 0.083102
vt 0.150661 0.181856
vt 0.150661 0.040813
vt 0.150661 0.210428
vt 0.187837 0.083102
vt 0.187837 0.181856
vt 0.187837 0.040813
vt 0.187837 0.210428
vt 0.225013 0.083102
vt 0.225013 0.181856
vt 0.225013 0.040813
vt 0.225013 0.210428
vt 0.262189 0.083102
vt 0.262189 0.181856
vt 0.262189 0.040813
vt 0.262189 0.210428
vt 0.299365 0.083102
vt 0.299365 0.181856
vt 0.299365 0.040813
vt 0.299365 0.210428
vt 0.336542 0.083102
vt 0.336542 0.181856
vt 0.336542 0.040813
vt 0.336542 0.210428
vt 0.373718 0.083102
vt 0.373718 0.181856
vt 0.373718 0.040813
vt 0.373718 0.210428
vt 0.410894 0.083102
vt 0.410894 0.181856
vt 0.410894 0.040813
vt 0.410894 0.210428
vt 0.448070 0.083102
vt 0.448070 0.181856
vt 0.448070 0.040813
vt 0.448070 0.210428
vt 0.485246 0.083102
vt 0.485246 0.181856
vt 0.485246 0.040813
vt 0.485246 0.210428
vt 0.522423 0.083102
vt 0.522423 0.181856
vt 0.522423 0.040813
vt 0.522423 0.210428
vt 0.559599 0.181856
vt 0.559599 0.040813
vt 0.596775 0.181856
vt 0.001956 0.181856
vt 0.001956 0.210428
vt 0.596775 0.232396
vt 0.596775 0.248679
vt 0.522423 0.026696
vt 0.559599 0.011589
vt 0.485246 0.026696
vt 0.448070 0.026696
vt 0.410894 0.026696
vt 0.373718 0.026696
vt 0.336542 0.026696
vt 0.262189 0.026696
vt 0.299365 0.026696
vt 0.225013 0.026696
vt 0.187837 0.026696
vt 0.113485 0.026696
vt 0.150661 0.026696
vt 0.076308 0.026696
vt 0.001956 0.083102
vt 0.373718 0.011589
vt 0.225013 0.011589
vt 0.039132 0.011589
vt 0.410894 0.011589
vt 0.448070 0.011589
vt 0.262189 0.011589
vt 0.299365 0.011589
vt 0.113485 0.011589
vt 0.522423 0.011589
vt 0.187837 0.011589
vt 0.596775 0.011589
vt 0.336542 0.011589
vt 0.076308 0.011589
vt 0.485246 0.011589
vt 0.150661 0.011589
vt 0.336542 0.001951
vt 0.596775 0.001951
vt 0.076308 0.001950
vt 0.559599 0.001951
vt 0.299365 0.001950
vt 0.001956 0.001950
vt 0.001956 0.011589
vt 0.522423 0.001951
vt 0.262189 0.001950
vt 0.485246 0.001951
vt 0.225013 0.001950
vt 0.448070 0.001951
vt 0.187837 0.001950
vt 0.410894 0.001951
vt 0.150661 0.001950
vt 0.373718 0.001951
vt 0.113485 0.001950
vt 0.039132 0.248678
vt 0.202342 0.253953
vt 0.235758 0.298571
vt 0.202342 0.298571
vt 0.402747 0.253953
vt 0.436145 0.298571
vt 0.402747 0.298571
vt 0.135464 0.253953
vt 0.168955 0.298571
vt 0.135464 0.298571
vt 0.102211 0.253953
vt 0.068808 0.298571
vt 0.068808 0.253953
vt 0.168955 0.253953
vt 0.102211 0.298571
vt 0.269176 0.253953
vt 0.302576 0.298571
vt 0.269176 0.298571
vt 0.035388 0.253953
vt 0.035388 0.298571
vt 0.235758 0.253953
vt 0.502981 0.253953
vt 0.469556 0.298571
vt 0.469556 0.253953
vt 0.268622 0.985445
vt 0.306537 0.979954
vt 0.306537 0.985445
vt 0.497071 0.985445
vt 0.535166 0.979954
vt 0.535166 0.985445
vt 0.230435 0.985445
vt 0.268622 0.979954
vt 0.458960 0.985445
vt 0.497071 0.979954
vt 0.192368 0.985445
vt 0.230435 0.979954
vt 0.078080 0.985445
vt 0.116163 0.979954
vt 0.116163 0.985445
vt 0.420849 0.985445
vt 0.458960 0.979954
vt 0.154266 0.985445
vt 0.192368 0.979954
vt 0.040013 0.985445
vt 0.078080 0.979954
vt 0.382729 0.985445
vt 0.420849 0.979954
vt 0.154266 0.979954
vt 0.001950 0.985445
vt 0.040013 0.979954
vt 0.344623 0.985445
vt 0.382729 0.979954
vt 0.573247 0.985445
vt 0.611332 0.979954
vt 0.611332 0.985445
vt 0.344623 0.979954
vt 0.295362 0.931950
vt 0.258659 0.944418
vt 0.258659 0.931950
vt 0.440201 0.523884
vt 0.434634 0.559937
vt 0.434636 0.522777
vt 0.036508 0.989956
vt 0.071048 0.995668
vt 0.036508 0.995668
vt 0.453569 0.591116
vt 0.440198 0.558830
vt 0.515332 0.931950
vt 0.478646 0.944418
vt 0.478646 0.931950
vt 0.038609 0.931950
vt 0.001957 0.944418
vt 0.001957 0.931950
vt 0.552017 0.931950
vt 0.515332 0.944418
vt 0.075257 0.931950
vt 0.038609 0.944418
vt 0.332051 0.931950
vt 0.295362 0.944418
vt 0.111927 0.931950
vt 0.075257 0.944418
vt 0.368721 0.931950
vt 0.332051 0.944418
vt 0.148592 0.931950
vt 0.111927 0.944418
vt 0.405227 0.931950
vt 0.368721 0.944418
vt 0.185270 0.944418
vt 0.148592 0.944418
vt 0.441994 0.931950
vt 0.405227 0.944418
vt 0.221965 0.931950
vt 0.185270 0.931950
vt 0.441994 0.944418
vt 0.588685 0.931950
vt 0.552017 0.944418
vt 0.221965 0.944418
vt 0.498898 0.922211
vt 0.532024 0.899959
vt 0.532024 0.922211
vt 0.001950 0.922211
vt 0.035063 0.899959
vt 0.035063 0.922211
vt 0.068172 0.922211
vt 0.068172 0.899959
vt 0.101301 0.922211
vt 0.101301 0.899959
vt 0.134426 0.899959
vt 0.134426 0.922211
vt 0.167563 0.899959
vt 0.167563 0.922211
vt 0.200714 0.922211
vt 0.200714 0.899959
vt 0.233865 0.922211
vt 0.233865 0.899959
vt 0.267024 0.899959
vt 0.267024 0.922211
vt 0.300171 0.899959
vt 0.300171 0.922211
vt 0.333300 0.922211
vt 0.333300 0.899959
vt 0.366281 0.922211
vt 0.366281 0.899959
vt 0.399498 0.899959
vt 0.399498 0.922211
vt 0.432611 0.899959
vt 0.432611 0.922211
vt 0.465754 0.899959
vt 0.465754 0.922211
vt 0.498898 0.899959
vt 0.369345 0.253953
vt 0.369345 0.298571
vt 0.286658 0.801953
vt 0.255541 0.731001
vt 0.286658 0.774745
vt 0.001955 0.253953
vt 0.302576 0.253953
vt 0.335962 0.298571
vt 0.502981 0.298571
vt 0.536406 0.253953
vt 0.536406 0.298571
vt 0.335962 0.253953
vt 0.436145 0.253953
vt 0.573247 0.979954
vt 0.448859 0.488447
vt 0.453576 0.491599
vt 0.478289 0.466891
vt 0.475137 0.462173
vt 0.510576 0.453520
vt 0.509469 0.447955
vt 0.545521 0.453523
vt 0.546629 0.447958
vt 0.580958 0.462180
vt 0.607241 0.488453
vt 0.577806 0.466898
vt 0.615886 0.523897
vt 0.621451 0.522791
vt 0.615883 0.558843
vt 0.607225 0.594280
vt 0.602507 0.591127
vt 0.621448 0.559950
vt 0.577795 0.615836
vt 0.580947 0.620554
vt 0.546615 0.634772
vt 0.545509 0.629207
vt 0.509455 0.634769
vt 0.510562 0.629204
vt 0.478278 0.615829
vt 0.475125 0.620546
vt 0.448851 0.594268
vt 0.520113 0.989956
vt 0.485545 0.995668
vt 0.485545 0.989956
vt 0.450970 0.995668
vt 0.416407 0.989956
vt 0.416407 0.995668
vt 0.381862 0.989956
vt 0.381862 0.995668
vt 0.347472 0.995668
vt 0.312835 0.995668
vt 0.347472 0.989956
vt 0.278307 0.995668
vt 0.312835 0.989956
vt 0.243747 0.995668
vt 0.278307 0.989956
vt 0.209188 0.995668
vt 0.243747 0.989956
vt 0.174645 0.989956
vt 0.174645 0.995667
vt 0.140117 0.989956
vt 0.140117 0.995667
vt 0.105593 0.995668
vt 0.105593 0.989956
vt 0.001955 0.989956
vt 0.001955 0.995668
vt 0.554681 0.989956
vt 0.520113 0.995668
vt 0.051546 0.573955
vt 0.039149 0.579686
vt 0.039149 0.573955
vt 0.274709 0.594835
vt 0.274709 0.579686
vt 0.287106 0.600424
vt 0.225117 0.594835
vt 0.225117 0.600424
vt 0.212719 0.600424
vt 0.063944 0.579686
vt 0.051546 0.579686
vt 0.299504 0.573955
vt 0.287106 0.573955
vt 0.237515 0.573955
vt 0.225117 0.579686
vt 0.225117 0.573955
vt 0.063944 0.573955
vt 0.076342 0.579686
vt 0.311902 0.573955
vt 0.299504 0.600424
vt 0.249913 0.573955
vt 0.237515 0.579686
vt 0.620874 0.899958
vt 0.633009 0.926427
vt 0.620874 0.926427
vt 0.349096 0.573955
vt 0.336698 0.579686
vt 0.336698 0.573955
vt 0.361494 0.573955
vt 0.349096 0.579686
vt 0.138332 0.573955
vt 0.125934 0.579686
vt 0.125934 0.573955
vt 0.373892 0.579686
vt 0.361494 0.579686
vt 0.150730 0.573955
vt 0.138332 0.579686
vt 0.163128 0.573955
vt 0.150730 0.579686
vt 0.175525 0.573955
vt 0.163128 0.579686
vt 0.827712 0.013300
vt 0.842886 0.011954
vt 0.842886 0.013300
vt 0.262311 0.573955
vt 0.249913 0.579686
vt 0.200321 0.573955
vt 0.187923 0.600424
vt 0.187923 0.573955
vt 0.026751 0.579686
vt 0.026751 0.573955
vt 0.274709 0.573955
vt 0.262311 0.579686
vt 0.212719 0.573955
vt 0.200321 0.600424
vt 0.249913 0.594835
vt 0.237515 0.600424
vt 0.237515 0.594835
vt 0.262311 0.594835
vt 0.249913 0.600424
vt 0.063944 0.594835
vt 0.051546 0.600424
vt 0.051546 0.594835
vt 0.125934 0.594835
vt 0.138332 0.600424
vt 0.125934 0.600424
vt 0.039149 0.594835
vt 0.026751 0.600424
vt 0.026751 0.594835
vt 0.039149 0.600424
vt 0.349096 0.594835
vt 0.336698 0.600424
vt 0.336698 0.594835
vt 0.076342 0.594835
vt 0.063944 0.600424
vt 0.373892 0.594835
vt 0.361494 0.600424
vt 0.361494 0.594835
vt 0.150730 0.594835
vt 0.138332 0.594835
vt 0.163128 0.594835
vt 0.150730 0.600424
vt 0.262311 0.600424
vt 0.349096 0.600424
vt 0.572335 0.920696
vt 0.584470 0.926427
vt 0.572335 0.926427
vt 0.802898 0.920696
vt 0.802898 0.905547
vt 0.815033 0.899958
vt 0.742224 0.899958
vt 0.754359 0.905547
vt 0.754359 0.920696
vt 0.584470 0.920696
vt 0.596604 0.926427
vt 0.827168 0.926427
vt 0.815033 0.926427
vt 0.754358 0.926427
vt 0.766493 0.920696
vt 0.766493 0.926427
vt 0.608739 0.920696
vt 0.608739 0.926427
vt 0.827168 0.899958
vt 0.839303 0.926427
vt 0.778628 0.926427
vt 0.839303 0.899958
vt 0.851434 0.920682
vt 0.863575 0.920696
vt 0.875708 0.926427
vt 0.863575 0.926427
vt 0.645144 0.899958
vt 0.657280 0.899958
vt 0.657280 0.905547
vt 0.875708 0.920696
vt 0.887843 0.926427
vt 0.657280 0.920696
vt 0.669414 0.926427
vt 0.657280 0.926427
vt 0.899977 0.920696
vt 0.899977 0.926427
vt 0.669414 0.920696
vt 0.681549 0.926427
vt 0.681549 0.920696
vt 0.693684 0.926427
vt 0.535930 0.899958
vt 0.548065 0.926427
vt 0.535930 0.926427
vt 0.548065 0.899958
vt 0.560200 0.905547
vt 0.560200 0.920696
vt 0.778628 0.920696
vt 0.790763 0.926427
vt 0.717955 0.899958
vt 0.730089 0.926427
vt 0.717955 0.926427
vt 0.560200 0.926427
vt 0.790763 0.920696
vt 0.802898 0.926427
vt 0.730089 0.899958
vt 0.742224 0.926427
vt 0.766493 0.899958
vt 0.778628 0.905547
vt 0.766493 0.905547
vt 0.778628 0.899958
vt 0.790763 0.905547
vt 0.101138 0.573955
vt 0.088740 0.600424
vt 0.088740 0.573955
vt 0.584470 0.899958
vt 0.596605 0.905547
vt 0.584470 0.905547
vt 0.669414 0.899958
vt 0.669414 0.905547
vt 0.572335 0.899958
vt 0.572335 0.905547
vt 0.863575 0.905547
vt 0.875708 0.899958
vt 0.875708 0.905547
vt 0.596605 0.899958
vt 0.608739 0.905547
vt 0.887843 0.899958
vt 0.899977 0.905547
vt 0.887843 0.905547
vt 0.681549 0.899958
vt 0.681549 0.905547
vt 0.324300 0.594857
vt 0.324300 0.600424
vt 0.693682 0.905547
vt 0.790763 0.899958
vt 0.912112 0.926427
vt 0.633009 0.899958
vt 0.691105 0.764502
vt 0.697030 0.753689
vt 0.692389 0.764892
vt 0.688688 0.776654
vt 0.690024 0.776785
vt 0.688688 0.789043
vt 0.690024 0.788911
vt 0.691105 0.801194
vt 0.692389 0.800804
vt 0.695846 0.812640
vt 0.697030 0.812007
vt 0.703764 0.822087
vt 0.702729 0.822942
vt 0.712344 0.830666
vt 0.711490 0.831702
vt 0.721791 0.838585
vt 0.722424 0.837402
vt 0.733628 0.842042
vt 0.733238 0.843327
vt 0.745521 0.844408
vt 0.745389 0.845744
vt 0.757647 0.844408
vt 0.757778 0.845743
vt 0.769540 0.842043
vt 0.769930 0.843328
vt 0.781376 0.838587
vt 0.780744 0.837403
vt 0.791678 0.831703
vt 0.790826 0.830666
vt 0.800439 0.822943
vt 0.799401 0.822091
vt 0.806138 0.812009
vt 0.807322 0.812642
vt 0.810778 0.800805
vt 0.812063 0.801195
vt 0.813144 0.788912
vt 0.814480 0.789043
vt 0.813144 0.776785
vt 0.814480 0.776654
vt 0.812063 0.764502
vt 0.810778 0.764892
vt 0.807322 0.753056
vt 0.806138 0.753689
vt 0.800439 0.742755
vt 0.799400 0.743605
vt 0.791678 0.733994
vt 0.790826 0.735031
vt 0.781376 0.727111
vt 0.780744 0.728294
vt 0.769540 0.723654
vt 0.769930 0.722369
vt 0.757656 0.721289
vt 0.757779 0.719952
vt 0.745520 0.721288
vt 0.745389 0.719952
vt 0.733238 0.722369
vt 0.733628 0.723654
vt 0.722424 0.728294
vt 0.721791 0.727111
vt 0.711490 0.733994
vt 0.712342 0.735031
vt 0.702729 0.742755
vt 0.703767 0.743606
vt 0.695846 0.753056
vt 0.651669 0.727110
vt 0.639827 0.723652
vt 0.640217 0.722367
vt 0.661975 0.733996
vt 0.651036 0.728294
vt 0.670739 0.742760
vt 0.661123 0.735034
vt 0.677625 0.753066
vt 0.669701 0.743613
vt 0.682369 0.764517
vt 0.676441 0.753699
vt 0.683450 0.776802
vt 0.681083 0.764908
vt 0.684787 0.776674
vt 0.683450 0.788940
vt 0.682368 0.801226
vt 0.684787 0.789069
vt 0.676441 0.812044
vt 0.681083 0.800836
vt 0.677625 0.812677
vt 0.669701 0.822130
vt 0.670739 0.822983
vt 0.661122 0.830709
vt 0.661974 0.831747
vt 0.651036 0.837449
vt 0.640217 0.843376
vt 0.651668 0.838633
vt 0.628061 0.845794
vt 0.639828 0.842091
vt 0.615666 0.845794
vt 0.627929 0.844458
vt 0.603509 0.843376
vt 0.615797 0.844458
vt 0.592691 0.837448
vt 0.603899 0.842091
vt 0.592058 0.838633
vt 0.582604 0.830709
vt 0.581752 0.831747
vt 0.574026 0.822131
vt 0.566102 0.812677
vt 0.572988 0.822983
vt 0.561359 0.801226
vt 0.567286 0.812044
vt 0.558940 0.789069
vt 0.562644 0.800836
vt 0.558940 0.776674
vt 0.560277 0.788936
vt 0.561359 0.764517
vt 0.560277 0.776806
vt 0.567285 0.753702
vt 0.562644 0.764907
vt 0.572988 0.742760
vt 0.566102 0.753066
vt 0.581752 0.733996
vt 0.574029 0.743608
vt 0.592058 0.727110
vt 0.582605 0.735034
vt 0.603900 0.723652
vt 0.592691 0.728294
vt 0.615666 0.719948
vt 0.603510 0.722367
vt 0.628061 0.719948
vt 0.615798 0.721285
vt 0.627930 0.721285
vt 0.113536 0.600424
vt 0.883966 0.034747
vt 0.886492 0.022706
vt 0.885306 0.034747
vt 0.886492 0.046787
vt 0.885178 0.047049
vt 0.890004 0.058365
vt 0.888766 0.058878
vt 0.885178 0.022445
vt 0.890004 0.011128
vt 0.873597 0.045144
vt 0.878435 0.056489
vt 0.877194 0.057003
vt 0.872382 0.032812
vt 0.874914 0.044882
vt 0.873597 0.020479
vt 0.873725 0.032812
vt 0.877194 0.008620
vt 0.874914 0.020741
vt 0.014353 0.573955
vt 0.001955 0.600424
vt 0.001955 0.573955
vt 0.924247 0.899958
vt 0.924247 0.926427
vt 0.014353 0.600424
vt 0.878471 0.034797
vt 0.881000 0.046858
vt 0.879684 0.047122
vt 0.884520 0.058463
vt 0.883279 0.058974
vt 0.881001 0.022733
vt 0.879812 0.034797
vt 0.879685 0.022472
vt 0.884520 0.011134
vt 0.897553 0.014494
vt 0.902387 0.003158
vt 0.898869 0.014756
vt 0.896338 0.026821
vt 0.897680 0.026821
vt 0.898868 0.038887
vt 0.897552 0.039149
vt 0.902387 0.050488
vt 0.901148 0.051003
vt 0.859125 0.003177
vt 0.847781 0.008016
vt 0.847266 0.006775
vt 0.871459 0.001962
vt 0.859387 0.004495
vt 0.895651 0.006774
vt 0.883528 0.004493
vt 0.883792 0.003177
vt 0.871459 0.003305
vt 0.845937 0.003638
vt 0.833813 0.005918
vt 0.845426 0.002395
vt 0.821743 0.008449
vt 0.834077 0.007235
vt 0.809410 0.007234
vt 0.798064 0.002395
vt 0.809672 0.005917
vt 0.821743 0.007106
vt 0.812279 0.001959
vt 0.827379 0.003297
vt 0.812257 0.003297
vt 0.851434 0.926427
vt 0.175525 0.579691
vt 0.857793 0.009953
vt 0.856448 0.025127
vt 0.856448 0.009953
vt 0.605933 0.054448
vt 0.601107 0.043132
vt 0.602345 0.042619
vt 0.607145 0.066750
vt 0.604619 0.054710
vt 0.605933 0.079052
vt 0.605805 0.066750
vt 0.602345 0.090881
vt 0.604619 0.078791
vt 0.663135 0.008451
vt 0.651031 0.005912
vt 0.663135 0.007105
vt 0.675501 0.007233
vt 0.675238 0.005912
vt 0.687391 0.003626
vt 0.686876 0.002382
vt 0.650769 0.007233
vt 0.639393 0.002382
vt 0.849859 0.011947
vt 0.851198 0.027047
vt 0.849859 0.027047
vt 0.324300 0.579651
vt 0.324300 0.573955
vt 0.398688 0.573956
vt 0.386290 0.600424
vt 0.386290 0.573955
vt 0.705821 0.905578
vt 0.865765 0.007947
vt 0.867104 0.023047
vt 0.865765 0.023047
vt 0.311902 0.600424
vt 0.851434 0.905502
vt 0.863575 0.899957
vt 0.705813 0.920865
vt 0.693684 0.920696
vt 0.175525 0.594838
vt 0.163128 0.600424
vt 0.705824 0.899958
vt 0.668787 0.003295
vt 0.653729 0.001956
vt 0.668960 0.001956
vt 0.649034 0.011958
vt 0.650380 0.027132
vt 0.650380 0.011958
vt 0.113536 0.573955
vt 0.101138 0.600424
vt 0.655629 0.011955
vt 0.654283 0.027129
vt 0.654283 0.011955
vt 0.468333 0.670516
vt 0.439323 0.620173
vt 0.468480 0.620253
vt 0.601031 0.975757
vt 0.631032 0.961955
vt 0.631032 0.975757
vt 0.661035 0.975757
vt 0.691041 0.961955
vt 0.691041 0.975757
vt 0.781073 0.975757
vt 0.751060 0.961955
vt 0.781073 0.961955
vt 0.721050 0.961955
vt 0.721050 0.975757
vt 0.751060 0.975757
vt 0.841099 0.975757
vt 0.871110 0.961955
vt 0.871110 0.975757
vt 0.811086 0.961955
vt 0.811086 0.975757
vt 0.841099 0.961955
vt 0.901118 0.975757
vt 0.901119 0.961955
vt 0.451028 0.975757
vt 0.481032 0.961955
vt 0.481032 0.975757
vt 0.931125 0.961955
vt 0.931125 0.975757
vt 0.511033 0.961955
vt 0.511033 0.975757
vt 0.661035 0.961955
vt 0.541032 0.975757
vt 0.541032 0.961955
vt 0.571031 0.961955
vt 0.571031 0.975757
vt 0.264361 0.670180
vt 0.235223 0.619911
vt 0.264380 0.619916
vt 0.235223 0.670175
vt 0.206065 0.619916
vt 0.293500 0.670196
vt 0.293537 0.619933
vt 0.031251 0.670436
vt 0.001965 0.620253
vt 0.031122 0.620173
vt 0.322639 0.670223
vt 0.322695 0.619959
vt 0.060390 0.670367
vt 0.060279 0.620104
vt 0.351778 0.670260
vt 0.351852 0.619997
vt 0.089528 0.670308
vt 0.089436 0.620045
vt 0.380917 0.670308
vt 0.381009 0.620045
vt 0.118667 0.670260
vt 0.118594 0.619997
vt 0.410056 0.670367
vt 0.410166 0.620104
vt 0.312637 0.675957
vt 0.286754 0.686427
vt 0.286754 0.675957
vt 0.206084 0.670180
vt 0.176908 0.619933
vt 0.439194 0.670436
vt 0.147806 0.670223
vt 0.147751 0.619959
vt 0.176945 0.670196
vt 0.353904 0.533955
vt 0.379046 0.569578
vt 0.353904 0.569578
vt 0.260869 0.686427
vt 0.260869 0.675957
vt 0.234983 0.675957
vt 0.234983 0.686427
vt 0.209093 0.675957
vt 0.209093 0.686427
vt 0.183202 0.686428
vt 0.183202 0.675957
vt 0.157309 0.686428
vt 0.157309 0.675957
vt 0.131414 0.675957
vt 0.131414 0.686428
vt 0.105519 0.675957
vt 0.105519 0.686428
vt 0.079624 0.686428
vt 0.079624 0.675957
vt 0.053731 0.686428
vt 0.053731 0.675957
vt 0.027839 0.675957
vt 0.027839 0.686428
vt 0.001950 0.675957
vt 0.001950 0.686428
vt 0.416175 0.675957
vt 0.390288 0.686427
vt 0.390288 0.675957
vt 0.364403 0.675957
vt 0.364403 0.686427
vt 0.338520 0.675957
vt 0.338520 0.686427
vt 0.312637 0.686427
vt 0.203037 0.533955
vt 0.177897 0.569578
vt 0.177897 0.533955
vt 0.438141 0.747377
vt 0.479189 0.719950
vt 0.504356 0.846474
vt 0.228179 0.533955
vt 0.203037 0.569578
vt 0.379046 0.533955
vt 0.404186 0.569578
vt 0.253323 0.533955
vt 0.228179 0.569578
vt 0.001947 0.533955
vt 0.027085 0.569578
vt 0.001947 0.569578
vt 0.278468 0.533955
vt 0.253323 0.569578
vt 0.027085 0.533955
vt 0.052221 0.569578
vt 0.127624 0.533955
vt 0.102489 0.569578
vt 0.102489 0.533955
vt 0.303614 0.533955
vt 0.278468 0.569578
vt 0.052221 0.533955
vt 0.077355 0.569578
vt 0.152759 0.533955
vt 0.127624 0.569578
vt 0.328759 0.569578
vt 0.303614 0.569578
vt 0.077355 0.533955
vt 0.152759 0.569578
vt 0.328759 0.533955
vt 0.601031 0.961955
vt 0.501136 0.638487
vt 0.471936 0.687737
vt 0.472887 0.637981
vt 0.991347 0.758348
vt 0.977400 0.789779
vt 0.977400 0.758348
vt 0.977400 0.695478
vt 0.991347 0.726914
vt 0.977400 0.726914
vt 0.977400 0.601154
vt 0.991347 0.632597
vt 0.977400 0.632597
vt 0.991347 0.664039
vt 0.977400 0.664039
vt 0.991348 0.506825
vt 0.977400 0.538267
vt 0.977400 0.506825
vt 0.977400 0.569710
vt 0.991347 0.601154
vt 0.991347 0.538267
vt 0.977400 0.475386
vt 0.991347 0.915499
vt 0.977400 0.946932
vt 0.977400 0.915499
vt 0.977400 0.443949
vt 0.991348 0.475386
vt 0.991347 0.884067
vt 0.977400 0.884067
vt 0.977400 0.852637
vt 0.977400 0.821208
vt 0.991347 0.852637
vt 0.698907 0.640141
vt 0.670534 0.689872
vt 0.670653 0.640107
vt 0.727161 0.640107
vt 0.698907 0.689906
vt 0.642161 0.689770
vt 0.642399 0.640006
vt 0.924927 0.637981
vt 0.897510 0.688245
vt 0.896678 0.638487
vt 0.613788 0.689601
vt 0.614145 0.639837
vt 0.869140 0.688686
vt 0.868427 0.638926
vt 0.585416 0.689364
vt 0.585891 0.639601
vt 0.840769 0.689059
vt 0.840175 0.639297
vt 0.557045 0.689059
vt 0.557639 0.639297
vt 0.812398 0.689364
vt 0.811922 0.639601
vt 0.528674 0.688686
vt 0.529387 0.638926
vt 0.292638 0.612480
vt 0.319056 0.605951
vt 0.319056 0.612481
vt 0.755653 0.689770
vt 0.727280 0.689872
vt 0.500304 0.688246
vt 0.784026 0.689601
vt 0.783669 0.639837
vt 0.755415 0.640006
vt 0.969659 0.549687
vt 0.931749 0.522979
vt 0.969758 0.517530
vt 0.266219 0.612480
vt 0.292638 0.605951
vt 0.239798 0.612480
vt 0.266219 0.605951
vt 0.213374 0.612480
vt 0.239798 0.605951
vt 0.186949 0.612480
vt 0.213374 0.605951
vt 0.160521 0.612480
vt 0.186949 0.605951
vt 0.134092 0.612480
vt 0.160521 0.605951
vt 0.107662 0.612480
vt 0.134092 0.605951
vt 0.081233 0.605951
vt 0.081233 0.612480
vt 0.054805 0.605951
vt 0.054805 0.612480
vt 0.028379 0.605951
vt 0.028379 0.612480
vt 0.001955 0.605951
vt 0.001955 0.612480
vt 0.398310 0.605951
vt 0.424732 0.612480
vt 0.398310 0.612480
vt 0.371891 0.605951
vt 0.371891 0.612481
vt 0.345473 0.605951
vt 0.345473 0.612481
vt 0.825650 0.569624
vt 0.814683 0.611818
vt 0.792198 0.584914
vt 0.901381 0.597200
vt 0.858728 0.597614
vt 0.818247 0.525504
vt 0.840165 0.586606
vt 0.844657 0.629350
vt 0.923395 0.496259
vt 0.965451 0.486314
vt 0.878926 0.635205
vt 0.927252 0.451182
vt 0.895169 0.487377
vt 0.894612 0.445949
vt 0.880314 0.600629
vt 0.913092 0.628708
vt 0.869510 0.484964
vt 0.860646 0.446190
vt 0.827655 0.504592
vt 0.779919 0.514323
vt 0.793813 0.477246
vt 0.942513 0.610068
vt 0.846779 0.490737
vt 0.826273 0.455678
vt 0.779919 0.551360
vt 0.930045 0.568083
vt 0.961332 0.581581
vt 0.817750 0.548377
vt 0.934133 0.546875
vt 0.991347 0.789779
vt 0.362857 0.306586
vt 0.330039 0.303948
vt 0.362857 0.303948
vt 0.395676 0.303948
vt 0.395676 0.306586
vt 0.100377 0.306586
vt 0.067573 0.303948
vt 0.100377 0.303948
vt 0.133180 0.303948
vt 0.133180 0.306586
vt 0.428494 0.306586
vt 0.461311 0.303948
vt 0.461311 0.306586
vt 0.001958 0.306586
vt 0.034767 0.303948
vt 0.034767 0.306586
vt 0.165984 0.303948
vt 0.165984 0.306586
vt 0.198790 0.303948
vt 0.198790 0.306586
vt 0.231598 0.306586
vt 0.231598 0.303948
vt 0.264409 0.303948
vt 0.264409 0.306586
vt 0.297223 0.303948
vt 0.297223 0.306586
vt 0.330039 0.306586
vt 0.428494 0.303948
vt 0.494125 0.303948
vt 0.494125 0.306586
vt 0.526937 0.303948
vt 0.526937 0.306586
vt 0.067573 0.306586
vt 0.583678 0.499755
vt 0.593714 0.524327
vt 0.526694 0.537255
vt 0.459866 0.550890
vt 0.459735 0.524333
vt 0.224553 0.962444
vt 0.196758 0.949957
vt 0.224553 0.949957
vt 0.335803 0.962444
vt 0.363624 0.949957
vt 0.363624 0.962444
vt 0.540029 0.604230
vt 0.513483 0.604237
vt 0.583370 0.575367
vt 0.564557 0.594091
vt 0.540590 0.470531
vt 0.565030 0.480874
vt 0.488941 0.594112
vt 0.514294 0.470164
vt 0.470119 0.575385
vt 0.593610 0.550874
vt 0.489336 0.480150
vt 0.300896 0.748950
vt 0.395664 0.730341
vt 0.370985 0.853742
vt 0.335803 0.949957
vt 0.307977 0.962444
vt 0.307977 0.949957
vt 0.469743 0.499727
vt 0.488387 0.480702
vt 0.001952 0.962444
vt 0.029814 0.949957
vt 0.029814 0.962444
vt 0.085444 0.962444
vt 0.113317 0.949957
vt 0.113317 0.962444
vt 0.057610 0.962444
vt 0.085444 0.949957
vt 0.280252 0.962444
vt 0.511164 0.615843
vt 0.141131 0.962444
vt 0.141131 0.949957
vt 0.447120 0.949957
vt 0.419297 0.962444
vt 0.419297 0.949957
vt 0.391438 0.962444
vt 0.605326 0.522049
vt 0.605222 0.553206
vt 0.593540 0.493222
vt 0.057610 0.949957
vt 0.542318 0.615843
vt 0.448265 0.553230
vt 0.252413 0.962444
vt 0.252413 0.949957
vt 0.196758 0.962444
vt 0.168944 0.949957
vt 0.280252 0.949957
vt 0.460288 0.581975
vt 0.511932 0.458689
vt 0.571651 0.471079
vt 0.542995 0.458964
vt 0.482369 0.603954
vt 0.448123 0.522071
vt 0.459872 0.493271
vt 0.391438 0.949957
vt 0.481422 0.471095
vt 0.593205 0.581958
vt 0.571117 0.603940
vt 0.168944 0.962444
vt 0.224553 0.963872
vt 0.252413 0.963872
vt 0.280252 0.963872
vt 0.335803 0.963872
vt 0.307977 0.963872
vt 0.363624 0.963872
vt 0.391438 0.963872
vt 0.447120 0.963872
vt 0.419297 0.963872
vt 0.001952 0.963872
vt 0.057610 0.963872
vt 0.029814 0.963872
vt 0.113317 0.963872
vt 0.085444 0.963872
vt 0.141131 0.963872
vt 0.168944 0.963872
vt 0.196758 0.963872
vt 0.224553 0.965232
vt 0.571531 0.604562
vt 0.252413 0.965232
vt 0.511019 0.616576
vt 0.542463 0.616576
vt 0.280252 0.965232
vt 0.481955 0.604577
vt 0.307977 0.965232
vt 0.459668 0.582392
vt 0.335803 0.965232
vt 0.363624 0.965232
vt 0.447383 0.521927
vt 0.447532 0.553379
vt 0.391438 0.965232
vt 0.459249 0.492864
vt 0.447120 0.965232
vt 0.419297 0.965232
vt 0.480996 0.470490
vt 0.001952 0.965232
vt 0.482767 0.469406
vt 0.483162 0.470031
vt 0.057610 0.965232
vt 0.029814 0.965232
vt 0.543146 0.458237
vt 0.511797 0.457960
vt 0.085444 0.965232
vt 0.594163 0.492810
vt 0.572070 0.470461
vt 0.113317 0.965232
vt 0.141131 0.965232
vt 0.605961 0.553356
vt 0.606060 0.521906
vt 0.168944 0.965232
vt 0.593825 0.582375
vt 0.196758 0.965232
vt 0.561088 0.886825
vt 0.587046 0.881947
vt 0.587046 0.886825
vt 0.377028 0.881947
vt 0.406476 0.886825
vt 0.377028 0.886825
vt 0.348235 0.881947
vt 0.348235 0.886825
vt 0.155348 0.881947
vt 0.179912 0.886825
vt 0.155348 0.886825
vt 0.131427 0.881947
vt 0.131427 0.886825
vt 0.108255 0.881947
vt 0.108255 0.886825
vt 0.406476 0.881947
vt 0.434489 0.886825
vt 0.204872 0.881947
vt 0.229917 0.886825
vt 0.204872 0.886825
vt 0.179912 0.881947
vt 0.001967 0.886825
vt 0.015534 0.881947
vt 0.015534 0.886825
vt 0.279018 0.881947
vt 0.302635 0.886825
vt 0.279018 0.886825
vt 0.254724 0.881947
vt 0.254724 0.886825
vt 0.229917 0.881947
vt 0.063358 0.881947
vt 0.085713 0.886825
vt 0.063358 0.886825
vt 0.040355 0.881947
vt 0.040355 0.886825
vt 0.662547 0.886825
vt 0.685757 0.881947
vt 0.685757 0.886825
vt 0.638171 0.886825
vt 0.662547 0.881947
vt 0.612878 0.886825
vt 0.638171 0.881947
vt 0.612878 0.881947
vt 0.085713 0.881947
vt 0.535361 0.886825
vt 0.561088 0.881947
vt 0.510077 0.886825
vt 0.535361 0.881947
vt 0.485192 0.886825
vt 0.510077 0.881947
vt 0.460290 0.886825
vt 0.485192 0.881947
vt 0.460290 0.881947
vt 0.751091 0.895693
vt 0.729242 0.890814
vt 0.751091 0.890814
vt 0.707829 0.886825
vt 0.729242 0.881947
vt 0.729242 0.886825
vt 0.707829 0.881947
vt 0.751091 0.881947
vt 0.781567 0.886825
vt 0.751091 0.886825
vt 0.302635 0.881947
vt 0.325599 0.886825
vt 0.691685 0.007057
vt 0.695710 0.002196
vt 0.695710 0.007328
vt 0.707829 0.890814
vt 0.685757 0.890814
vt 0.662547 0.890814
vt 0.638171 0.890814
vt 0.612878 0.890814
vt 0.587046 0.890814
vt 0.561088 0.890814
vt 0.535361 0.890814
vt 0.510077 0.890814
vt 0.485192 0.890814
vt 0.434489 0.890814
vt 0.406476 0.890814
vt 0.377028 0.890814
vt 0.325599 0.890814
vt 0.302635 0.890814
vt 0.279018 0.890814
vt 0.254724 0.890814
vt 0.229917 0.890814
vt 0.204872 0.890814
vt 0.179912 0.890814
vt 0.155348 0.890814
vt 0.131427 0.890814
vt 0.108255 0.890814
vt 0.085713 0.890814
vt 0.040355 0.890814
vt 0.015534 0.890814
vt 0.001967 0.890814
vt 0.325599 0.881947
vt 0.781567 0.890814
vt 0.587046 0.895693
vt 0.377028 0.895693
vt 0.348235 0.895693
vt 0.348235 0.890814
vt 0.040355 0.895693
vt 0.015534 0.895693
vt 0.279018 0.895693
vt 0.254724 0.895693
vt 0.406476 0.895693
vt 0.204872 0.895693
vt 0.179912 0.895693
vt 0.155348 0.895693
vt 0.131427 0.895693
vt 0.108255 0.895693
vt 0.229917 0.895693
vt 0.063358 0.895693
vt 0.063358 0.890814
vt 0.685757 0.895693
vt 0.662547 0.895693
vt 0.638171 0.895693
vt 0.612878 0.895693
vt 0.085713 0.895693
vt 0.729242 0.895693
vt 0.707829 0.895693
vt 0.510077 0.895693
vt 0.485192 0.895693
vt 0.460290 0.890814
vt 0.460290 0.895693
vt 0.561088 0.895693
vt 0.535361 0.895693
vt 0.325599 0.895693
vt 0.302635 0.895693
vt 0.729242 0.877959
vt 0.707829 0.877959
vt 0.685757 0.877959
vt 0.662547 0.877959
vt 0.638171 0.877959
vt 0.612878 0.877959
vt 0.587046 0.877959
vt 0.561088 0.877959
vt 0.535361 0.877959
vt 0.510077 0.877959
vt 0.485192 0.877959
vt 0.434489 0.877959
vt 0.434489 0.881947
vt 0.406476 0.877959
vt 0.377028 0.877959
vt 0.325599 0.877959
vt 0.302635 0.877959
vt 0.279018 0.877959
vt 0.254724 0.877959
vt 0.229917 0.877959
vt 0.204872 0.877959
vt 0.179912 0.877959
vt 0.155348 0.877959
vt 0.131427 0.877959
vt 0.108255 0.877959
vt 0.085713 0.877959
vt 0.063358 0.877959
vt 0.001967 0.881947
vt 0.015534 0.877959
vt 0.781567 0.877959
vt 0.781567 0.881947
vt 0.686632 0.013191
vt 0.681512 0.008736
vt 0.686620 0.008168
vt 0.277748 0.869594
vt 0.267814 0.867490
vt 0.277676 0.867149
vt 0.287570 0.866827
vt 0.298538 0.866492
vt 0.287638 0.869473
vt 0.311388 0.866114
vt 0.298599 0.869433
vt 0.326681 0.865671
vt 0.311449 0.869428
vt 0.344733 0.865152
vt 0.326747 0.869416
vt 0.365650 0.864559
vt 0.344809 0.869377
vt 0.395284 0.863783
vt 0.365749 0.869301
vt 0.420819 0.863193
vt 0.395374 0.869009
vt 0.447372 0.862656
vt 0.420907 0.868789
vt 0.474505 0.862180
vt 0.447456 0.868542
vt 0.502267 0.861781
vt 0.474581 0.868290
vt 0.531371 0.861466
vt 0.502329 0.868064
vt 0.563170 0.861231
vt 0.531416 0.867883
vt 0.599431 0.867577
vt 0.599381 0.861028
vt 0.627130 0.867519
vt 0.627125 0.860929
vt 0.653923 0.860959
vt 0.680872 0.861080
vt 0.653903 0.867571
vt 0.708520 0.861275
vt 0.680834 0.867702
vt 0.736889 0.861532
vt 0.708471 0.867875
vt 0.765587 0.861844
vt 0.736834 0.868057
vt 0.793891 0.868347
vt 0.793949 0.862207
vt 0.821119 0.868426
vt 0.821178 0.862618
vt 0.846416 0.868458
vt 0.846484 0.863072
vt 0.869143 0.868468
vt 0.869203 0.863530
vt 0.889387 0.868494
vt 0.889448 0.863957
vt 0.907462 0.868560
vt 0.907530 0.864363
vt 0.923918 0.868695
vt 0.924000 0.864768
vt 0.939550 0.868939
vt 0.939645 0.865201
vt 0.955463 0.865690
vt 0.955366 0.869311
vt 0.973104 0.866371
vt 0.972967 0.869502
vt 0.259318 0.867874
vt 0.267890 0.869838
vt 0.259435 0.869933
vt 0.259376 0.871642
vt 0.267736 0.865845
vt 0.267904 0.871578
vt 0.287488 0.864977
vt 0.287629 0.871418
vt 0.298447 0.864423
vt 0.298574 0.871588
vt 0.311286 0.863767
vt 0.311417 0.871849
vt 0.326567 0.863003
vt 0.326715 0.872146
vt 0.344607 0.862133
vt 0.344779 0.872448
vt 0.365488 0.861172
vt 0.365719 0.872741
vt 0.395174 0.860043
vt 0.395392 0.872786
vt 0.420700 0.859195
vt 0.420911 0.872822
vt 0.447262 0.858462
vt 0.447467 0.872766
vt 0.474408 0.857843
vt 0.474594 0.872653
vt 0.502190 0.857331
vt 0.502342 0.872532
vt 0.563136 0.856606
vt 0.563216 0.872365
vt 0.563204 0.867735
vt 0.599343 0.856382
vt 0.599432 0.872250
vt 0.653939 0.856295
vt 0.653887 0.872301
vt 0.680906 0.856387
vt 0.680811 0.872457
vt 0.708568 0.856576
vt 0.708449 0.872631
vt 0.736948 0.856870
vt 0.736818 0.872770
vt 0.765658 0.857279
vt 0.765524 0.872834
vt 0.765530 0.868221
vt 0.794032 0.857808
vt 0.793896 0.872794
vt 0.821276 0.858458
vt 0.821139 0.872635
vt 0.846606 0.859220
vt 0.846447 0.872361
vt 0.869310 0.860009
vt 0.869175 0.872045
vt 0.889549 0.860736
vt 0.889411 0.871776
vt 0.907626 0.861399
vt 0.907472 0.871590
vt 0.924093 0.862007
vt 0.923908 0.871526
vt 0.955554 0.863140
vt 0.955324 0.871938
vt 0.973395 0.863789
vt 0.973136 0.872081
vt 0.699664 0.001957
vt 0.704145 0.005710
vt 0.699631 0.005710
vt 0.277490 0.863078
vt 0.267637 0.863555
vt 0.287348 0.862418
vt 0.298275 0.861566
vt 0.311087 0.860533
vt 0.326346 0.859335
vt 0.344367 0.857989
vt 0.365265 0.856515
vt 0.394952 0.854918
vt 0.420504 0.853724
vt 0.447094 0.852734
vt 0.474268 0.851927
vt 0.502076 0.851271
vt 0.531315 0.856920
vt 0.531227 0.850732
vt 0.563079 0.850306
vt 0.599333 0.850044
vt 0.627115 0.849962
vt 0.653946 0.849923
vt 0.680936 0.849973
vt 0.708624 0.850149
vt 0.737035 0.850490
vt 0.765778 0.851026
vt 0.794186 0.851778
vt 0.821465 0.852752
vt 0.846814 0.853941
vt 0.869523 0.855185
vt 0.889746 0.856321
vt 0.907806 0.857335
vt 0.924252 0.858218
vt 0.939878 0.858973
vt 0.955709 0.859625
vt 0.973488 0.860731
vt 0.259173 0.866151
vt 0.659540 0.011993
vt 0.663298 0.016485
vt 0.659540 0.016539
vt 0.993363 0.056343
vt 0.984414 0.001952
vt 0.993363 0.001952
vt 0.936802 0.001952
vt 0.927721 0.056343
vt 0.927721 0.001952
vt 0.920156 0.001952
vt 0.909982 0.056343
vt 0.909982 0.001952
vt 0.920156 0.056343
vt 0.945767 0.001952
vt 0.936802 0.056343
vt 0.954079 0.001952
vt 0.965041 0.056343
vt 0.954079 0.056343
vt 0.920156 0.065560
vt 0.945767 0.419002
vt 0.954079 0.438400
vt 0.945767 0.438400
vt 0.973405 0.065560
vt 0.965041 0.075665
vt 0.965041 0.065560
vt 0.993363 0.065560
vt 0.984414 0.075665
vt 0.984414 0.065560
vt 0.920156 0.075665
vt 0.909982 0.065560
vt 0.984414 0.056343
vt 0.973405 0.056343
vt 0.945767 0.056343
vt 0.927721 0.075665
vt 0.927721 0.065560
vt 0.936802 0.075665
vt 0.936802 0.065560
vt 0.945767 0.075665
vt 0.945767 0.065560
vt 0.927721 0.133511
vt 0.954079 0.075665
vt 0.954079 0.065560
vt 0.973405 0.133511
vt 0.973405 0.075665
vt 0.993363 0.075665
vt 0.984414 0.133511
vt 0.945767 0.133511
vt 0.954079 0.133511
vt 0.965041 0.133511
vt 0.965041 0.258730
vt 0.927721 0.258730
vt 0.920156 0.133511
vt 0.936802 0.258730
vt 0.936802 0.133511
vt 0.954079 0.258730
vt 0.945767 0.258730
vt 0.993363 0.320587
vt 0.984414 0.258730
vt 0.993363 0.258730
vt 0.920156 0.258730
vt 0.909982 0.133511
vt 0.927721 0.320587
vt 0.909982 0.320587
vt 0.909982 0.258730
vt 0.920156 0.320587
vt 0.993363 0.133511
vt 0.936802 0.320587
vt 0.965041 0.320587
vt 0.954079 0.320587
vt 0.945767 0.320587
vt 0.993363 0.386727
vt 0.984414 0.320587
vt 0.973405 0.258730
vt 0.927721 0.386727
vt 0.909982 0.386727
vt 0.920156 0.386727
vt 0.984414 0.386727
vt 0.973405 0.320587
vt 0.936802 0.386727
vt 0.965041 0.386727
vt 0.954079 0.386727
vt 0.945767 0.386727
vt 0.973405 0.386727
vt 0.965041 0.403134
vt 0.973405 0.419002
vt 0.965041 0.419002
vt 0.909982 0.403134
vt 0.984414 0.419002
vt 0.973405 0.403134
vt 0.984414 0.403134
vt 0.920156 0.403134
vt 0.909982 0.419002
vt 0.993363 0.419002
vt 0.993363 0.403134
vt 0.965041 0.001952
vt 0.973405 0.001952
vt 0.927721 0.403134
vt 0.920156 0.419002
vt 0.936802 0.403134
vt 0.927721 0.419002
vt 0.984414 0.438400
vt 0.973405 0.438400
vt 0.965041 0.438400
vt 0.945767 0.403134
vt 0.936802 0.419002
vt 0.954079 0.403134
vt 0.927721 0.438400
vt 0.909982 0.438400
vt 0.920156 0.438400
vt 0.936802 0.438400
vt 0.954079 0.419002
vt 0.056050 0.447957
vt 0.001956 0.456956
vt 0.001956 0.447957
vt 0.081112 0.497609
vt 0.067723 0.508084
vt 0.067723 0.497609
vt 0.067723 0.467889
vt 0.081112 0.476221
vt 0.067723 0.476221
vt 0.001956 0.519610
vt 0.056051 0.529761
vt 0.001956 0.529761
vt 0.001956 0.508084
vt 0.056051 0.519610
vt 0.056050 0.476221
vt 0.001956 0.486798
vt 0.001956 0.476221
vt 0.067723 0.519610
vt 0.081112 0.508084
vt 0.081112 0.519610
vt 0.081112 0.486798
vt 0.067723 0.486798
vt 0.056051 0.497609
vt 0.056051 0.508084
vt 0.001956 0.497609
vt 0.056051 0.486798
vt 0.056050 0.467889
vt 0.067723 0.456956
vt 0.081112 0.467889
vt 0.056050 0.456956
vt 0.067723 0.447957
vt 0.081112 0.456956
vt 0.067723 0.529761
vt 0.215110 0.467889
vt 0.215110 0.497609
vt 0.215110 0.476221
vt 0.215110 0.508084
vt 0.215110 0.486798
vt 0.081112 0.447957
vt 0.215110 0.456956
vt 0.215110 0.519610
vt 0.081112 0.529761
vt 0.345474 0.476221
vt 0.345474 0.456956
vt 0.345474 0.467889
vt 0.345474 0.486798
vt 0.345474 0.497609
vt 0.345474 0.529761
vt 0.215110 0.529761
vt 0.345474 0.447957
vt 0.215110 0.447957
vt 0.345474 0.508084
vt 0.384847 0.467889
vt 0.384847 0.476221
vt 0.384847 0.486798
vt 0.384847 0.508084
vt 0.345474 0.519610
vt 0.384847 0.529761
vt 0.384847 0.447957
vt 0.384847 0.519610
vt 0.384847 0.456956
vt 0.398500 0.486798
vt 0.411175 0.476221
vt 0.411175 0.486798
vt 0.398500 0.476221
vt 0.398500 0.497609
vt 0.411175 0.497609
vt 0.384847 0.497609
vt 0.411175 0.508084
vt 0.398500 0.508084
vt 0.411175 0.519610
vt 0.398500 0.519610
vt 0.001956 0.467889
vt 0.398500 0.467889
vt 0.398500 0.456956
vt 0.411175 0.447957
vt 0.411175 0.456956
vt 0.398500 0.529761
vt 0.430733 0.508084
vt 0.411175 0.467889
vt 0.430733 0.456956
vt 0.398500 0.447957
vt 0.411175 0.529761
vt 0.430733 0.529761
vt 0.430733 0.476221
vt 0.430733 0.467889
vt 0.430733 0.497609
vt 0.430733 0.486798
vt 0.909982 0.075665
vt 0.622733 0.290728
vt 0.630203 0.285955
vt 0.630203 0.290728
vt 0.901983 0.277434
vt 0.905628 0.270426
vt 0.905746 0.277436
vt 0.592899 0.290728
vt 0.585255 0.285955
vt 0.592899 0.285955
vt 0.637775 0.290728
vt 0.645419 0.285955
vt 0.645419 0.290728
vt 0.600471 0.290728
vt 0.600471 0.285955
vt 0.577611 0.290728
vt 0.585255 0.290728
vt 0.570038 0.290728
vt 0.577611 0.285955
vt 0.897236 0.266381
vt 0.895652 0.275423
vt 0.895652 0.266381
vt 0.562568 0.290728
vt 0.570038 0.285955
vt 0.637775 0.285955
vt 0.905945 0.320688
vt 0.902257 0.313448
vt 0.906020 0.313451
vt 0.901865 0.270424
vt 0.905528 0.263321
vt 0.905443 0.248752
vt 0.901709 0.241419
vt 0.905472 0.241422
vt 0.902286 0.306118
vt 0.906049 0.306120
vt 0.901766 0.263318
vt 0.905463 0.256083
vt 0.901784 0.234182
vt 0.905546 0.234184
vt 0.906029 0.298790
vt 0.901892 0.227076
vt 0.905654 0.227079
vt 0.902266 0.298787
vt 0.905963 0.291551
vt 0.902019 0.220067
vt 0.905781 0.220069
vt 0.902201 0.291549
vt 0.905864 0.284446
vt 0.902145 0.213057
vt 0.905908 0.213059
vt 0.902101 0.284444
vt 0.897236 0.293447
vt 0.895652 0.302340
vt 0.895652 0.293447
vt 0.895652 0.311171
vt 0.897236 0.302340
vt 0.897236 0.311171
vt 0.895652 0.364942
vt 0.897236 0.355961
vt 0.897236 0.364942
vt 0.895652 0.230844
vt 0.897236 0.221951
vt 0.897236 0.230844
vt 0.897235 0.320002
vt 0.895652 0.320002
vt 0.895652 0.239676
vt 0.897236 0.239676
vt 0.897235 0.328895
vt 0.895652 0.328895
vt 0.897236 0.248507
vt 0.895652 0.248507
vt 0.897235 0.337876
vt 0.895652 0.337876
vt 0.895652 0.257400
vt 0.897236 0.257400
vt 0.897236 0.284466
vt 0.895652 0.284466
vt 0.895652 0.346918
vt 0.897236 0.346918
vt 0.895652 0.355961
vt 0.555172 0.290728
vt 0.562568 0.285955
vt 0.547776 0.285955
vt 0.555172 0.285955
vt 0.615337 0.290728
vt 0.622733 0.285955
vt 0.547776 0.290728
vt 0.540306 0.285955
vt 0.607941 0.285955
vt 0.615337 0.285955
vt 0.607941 0.290728
vt 0.653064 0.290728
vt 0.653064 0.285955
vt 0.660636 0.290728
vt 0.660636 0.285955
vt 0.622677 0.024902
vt 0.604021 0.037524
vt 0.600677 0.029117
vt 0.645066 0.020411
vt 0.645144 0.029458
vt 0.618743 0.047721
vt 0.610551 0.044246
vt 0.627580 0.047723
vt 0.635701 0.044243
vt 0.641864 0.037825
vt 0.610217 0.044032
vt 0.641649 0.012033
vt 0.635396 0.005579
vt 0.627234 0.002034
vt 0.618398 0.001956
vt 0.610247 0.005366
vt 0.604029 0.011732
vt 0.600677 0.020069
vt 0.902253 0.205952
vt 0.906016 0.205954
vt 0.901700 0.256081
vt 0.943264 0.931953
vt 0.919886 0.940954
vt 0.919886 0.931953
vt 0.943264 0.944730
vt 0.943264 0.940954
vt 0.779617 0.931953
vt 0.756239 0.940954
vt 0.756239 0.931953
vt 0.896508 0.940954
vt 0.896508 0.931953
vt 0.732861 0.940954
vt 0.732861 0.931953
vt 0.873130 0.940954
vt 0.873130 0.931953
vt 0.709483 0.940954
vt 0.709483 0.931953
vt 0.849751 0.940954
vt 0.849751 0.931953
vt 0.686105 0.940954
vt 0.686105 0.931953
vt 0.826373 0.940954
vt 0.826373 0.931953
vt 0.662726 0.940954
vt 0.662726 0.931953
vt 0.802995 0.940954
vt 0.802995 0.931953
vt 0.966642 0.940954
vt 0.966642 0.931953
vt 0.615970 0.948067
vt 0.592592 0.957617
vt 0.592592 0.948067
vt 0.639348 0.940954
vt 0.662726 0.944730
vt 0.639348 0.944730
vt 0.615970 0.944730
vt 0.592592 0.940954
vt 0.615970 0.940954
vt 0.966642 0.944730
vt 0.919886 0.948067
vt 0.896508 0.957617
vt 0.896508 0.948067
vt 0.896508 0.944730
vt 0.919886 0.944730
vt 0.873130 0.944730
vt 0.849751 0.944730
vt 0.826373 0.944730
vt 0.802995 0.944730
vt 0.779617 0.944730
vt 0.779617 0.940954
vt 0.756239 0.944730
vt 0.732861 0.944730
vt 0.709483 0.944730
vt 0.686105 0.944730
vt 0.609884 0.727950
vt 0.676393 0.772390
vt 0.631952 0.838899
vt 0.732861 0.948067
vt 0.756239 0.957617
vt 0.732861 0.957617
vt 0.873130 0.957617
vt 0.873130 0.948067
vt 0.709483 0.957617
vt 0.709483 0.948067
vt 0.849751 0.948067
vt 0.849751 0.957617
vt 0.686105 0.957617
vt 0.686105 0.948067
vt 0.826373 0.957617
vt 0.826373 0.948067
vt 0.662726 0.948067
vt 0.662726 0.957617
vt 0.802995 0.957617
vt 0.802995 0.948067
vt 0.943264 0.948067
vt 0.966642 0.957617
vt 0.943264 0.957617
vt 0.779617 0.957617
vt 0.779617 0.948067
vt 0.639348 0.948067
vt 0.615970 0.957617
vt 0.919886 0.957617
vt 0.756239 0.948067
vt 0.966642 0.948067
vt 0.639348 0.957617
vt 0.639348 0.931953
vt 0.615970 0.931953
vt 0.592592 0.931953
vt 0.892112 0.693958
vt 0.832768 0.699292
vt 0.832768 0.693958
vt 0.623931 0.241147
vt 0.600684 0.124277
vt 0.906078 0.185024
vt 0.179990 0.706359
vt 0.120646 0.699292
vt 0.179990 0.699292
vt 0.723458 0.311954
vt 0.667958 0.378629
vt 0.667958 0.311954
vt 0.476707 0.693958
vt 0.417364 0.699292
vt 0.417364 0.693958
vt 0.773425 0.699292
vt 0.773425 0.693958
vt 0.358020 0.699292
vt 0.358020 0.693958
vt 0.714081 0.699292
vt 0.714081 0.693958
vt 0.298677 0.699292
vt 0.298677 0.693958
vt 0.654738 0.699292
vt 0.654738 0.693958
vt 0.239333 0.699292
vt 0.239333 0.693958
vt 0.120646 0.693958
vt 0.061303 0.699292
vt 0.061303 0.693958
vt 0.595394 0.699292
vt 0.595394 0.693958
vt 0.179990 0.715176
vt 0.239333 0.706359
vt 0.239333 0.715176
vt 0.179990 0.693958
vt 0.001959 0.699291
vt 0.001959 0.693958
vt 0.536051 0.699292
vt 0.536051 0.693958
vt 0.951455 0.693958
vt 0.892112 0.699292
vt 0.476707 0.699292
vt 0.061303 0.715176
vt 0.001959 0.706358
vt 0.061303 0.706359
vt 0.892112 0.715176
vt 0.951455 0.706359
vt 0.951455 0.715176
vt 0.832768 0.706359
vt 0.892112 0.706359
vt 0.773425 0.715176
vt 0.832768 0.715176
vt 0.714081 0.706359
vt 0.773425 0.706359
vt 0.654738 0.715176
vt 0.714081 0.715176
vt 0.595394 0.706359
vt 0.654738 0.706359
vt 0.536051 0.715176
vt 0.595394 0.715176
vt 0.476707 0.706359
vt 0.536051 0.706359
vt 0.417364 0.715176
vt 0.476707 0.715176
vt 0.358020 0.706359
vt 0.417364 0.706359
vt 0.298677 0.715176
vt 0.358020 0.715176
vt 0.298677 0.706359
vt 0.723458 0.384543
vt 0.778959 0.389094
vt 0.723458 0.389094
vt 0.120646 0.706359
vt 0.120646 0.715176
vt 0.667958 0.442433
vt 0.723458 0.442433
vt 0.951455 0.699292
vt 0.834459 0.442433
vt 0.889960 0.389094
vt 0.889960 0.442433
vt 0.001951 0.442433
vt 0.057451 0.389094
vt 0.057451 0.442433
vt 0.112952 0.389094
vt 0.112952 0.442433
vt 0.168452 0.389094
vt 0.168452 0.442433
vt 0.223953 0.389094
vt 0.223953 0.442433
vt 0.279453 0.389094
vt 0.279453 0.442433
vt 0.334954 0.389094
vt 0.334954 0.442433
vt 0.390454 0.389094
vt 0.390454 0.442433
vt 0.445955 0.389094
vt 0.445955 0.442433
vt 0.501456 0.389094
vt 0.501456 0.442433
vt 0.556957 0.389094
vt 0.556957 0.442433
vt 0.612457 0.389094
vt 0.612457 0.442433
vt 0.667958 0.389094
vt 0.778959 0.378629
vt 0.778959 0.311954
vt 0.778959 0.442433
vt 0.834459 0.389094
vt 0.723458 0.378629
vt 0.834459 0.384543
vt 0.778959 0.384543
vt 0.834459 0.378629
vt 0.889960 0.384543
vt 0.057451 0.384542
vt 0.001951 0.389094
vt 0.001951 0.384542
vt 0.057451 0.378629
vt 0.001951 0.378629
vt 0.112952 0.384542
vt 0.112952 0.378629
vt 0.168452 0.384542
vt 0.168452 0.378629
vt 0.223953 0.384543
vt 0.279453 0.384543
vt 0.279453 0.378629
vt 0.223953 0.378629
vt 0.334954 0.384543
vt 0.334954 0.378629
vt 0.390454 0.384543
vt 0.390454 0.378629
vt 0.445955 0.384543
vt 0.501456 0.384543
vt 0.501456 0.378629
vt 0.445955 0.378629
vt 0.556957 0.384543
vt 0.556957 0.378629
vt 0.612457 0.384543
vt 0.612457 0.378629
vt 0.667958 0.384543
vt 0.889960 0.311954
vt 0.834459 0.311954
vt 0.057451 0.311954
vt 0.001951 0.311954
vt 0.112952 0.311954
vt 0.168452 0.311954
vt 0.223953 0.311954
vt 0.334954 0.311954
vt 0.390454 0.311954
vt 0.279453 0.311954
vt 0.445955 0.311954
vt 0.501456 0.311954
vt 0.556957 0.311954
vt 0.612457 0.311954
vt 0.973201 0.633413
vt 0.958738 0.613515
vt 0.973201 0.613515
vt 0.973201 0.652973
vt 0.958738 0.633413
vt 0.973201 0.731210
vt 0.958738 0.750423
vt 0.958738 0.731210
vt 0.973201 0.691750
vt 0.958738 0.672187
vt 0.973201 0.672187
vt 0.973201 0.711647
vt 0.958738 0.711647
vt 0.973201 0.593955
vt 0.958738 0.593955
vt 0.958738 0.652973
vt 0.892089 0.842890
vt 0.818391 0.793648
vt 0.867633 0.719950
vt 0.690001 0.521579
vt 0.697748 0.520102
vt 0.691137 0.524428
vt 0.625762 0.504856
vt 0.691222 0.515702
vt 0.690032 0.518518
vt 0.657203 0.458738
vt 0.693389 0.513552
vt 0.696209 0.512389
vt 0.683517 0.447954
vt 0.699257 0.512383
vt 0.711952 0.447956
vt 0.702078 0.513536
vt 0.758509 0.478703
vt 0.704248 0.515675
vt 0.705443 0.518477
vt 0.770084 0.533283
vt 0.705483 0.521525
vt 0.704362 0.524359
vt 0.740012 0.580288
vt 0.702246 0.526557
vt 0.699452 0.527786
vt 0.685583 0.592667
vt 0.696396 0.527862
vt 0.693537 0.526770
vt 0.638097 0.563277
vt 0.691301 0.524669
vt 0.635726 0.559796
vt 0.066272 0.790695
vt 0.074007 0.792173
vt 0.066302 0.793752
vt 0.067407 0.787850
vt 0.075511 0.799881
vt 0.072467 0.799874
vt 0.067489 0.796564
vt 0.002382 0.807327
vt 0.033661 0.853223
vt 0.069652 0.798711
vt 0.059844 0.863957
vt 0.088138 0.863957
vt 0.078328 0.798730
vt 0.134466 0.833365
vt 0.080496 0.796596
vt 0.145576 0.807347
vt 0.081690 0.793797
vt 0.145987 0.779058
vt 0.081731 0.790755
vt 0.080613 0.787924
vt 0.116069 0.732284
vt 0.078501 0.785729
vt 0.090208 0.720789
vt 0.075711 0.784500
vt 0.061915 0.719961
vt 0.072660 0.784423
vt 0.069804 0.785513
vt 0.014667 0.749192
vt 0.067571 0.787610
vt 0.012308 0.752661
vt 0.001962 0.779016
vt 0.995248 0.443949
vt 0.996567 0.472414
vt 0.995248 0.472414
vt 0.995248 0.500879
vt 0.996567 0.500879
vt 0.995248 0.529344
vt 0.996567 0.529344
vt 0.996567 0.557809
vt 0.995248 0.557809
vt 0.996567 0.586274
vt 0.995248 0.586274
vt 0.996567 0.614739
vt 0.995248 0.614739
vt 0.996567 0.643204
vt 0.995248 0.643204
vt 0.996567 0.671669
vt 0.995248 0.671669
vt 0.996567 0.700134
vt 0.995248 0.700134
vt 0.995248 0.728599
vt 0.996567 0.728599
vt 0.996567 0.757064
vt 0.995248 0.757064
vt 0.996567 0.785529
vt 0.995248 0.785529
vt 0.996567 0.813994
vt 0.995248 0.813994
vt 0.996567 0.842459
vt 0.995248 0.842459
vt 0.996567 0.870924
vt 0.995248 0.870924
vt 0.996567 0.899389
vt 0.995248 0.899389
vt 0.001956 0.040813
vt 0.039132 0.001950
vt 0.001956 0.248678
vt 0.001950 0.979954
vt 0.071048 0.989956
vt 0.588685 0.944418
vt 0.001950 0.899959
vt 0.276246 0.827089
vt 0.257008 0.846327
vt 0.231871 0.856739
vt 0.204664 0.856739
vt 0.179527 0.846327
vt 0.160289 0.827089
vt 0.149877 0.801952
vt 0.149877 0.774745
vt 0.160289 0.749609
vt 0.179527 0.730370
vt 0.204664 0.719958
vt 0.231871 0.719958
vt 0.276246 0.749609
vt 0.001955 0.298571
vt 0.602640 0.491535
vt 0.450970 0.989956
vt 0.209188 0.989956
vt 0.554681 0.995668
vt 0.274709 0.600424
vt 0.076342 0.573955
vt 0.373892 0.573955
vt 0.827712 0.011954
vt 0.076342 0.600424
vt 0.373892 0.600424
vt 0.802898 0.899958
vt 0.754359 0.899958
vt 0.596605 0.920696
vt 0.851434 0.899957
vt 0.645144 0.926427
vt 0.887843 0.920696
vt 0.560200 0.899958
vt 0.608739 0.899958
vt 0.899977 0.899958
vt 0.693681 0.899958
vt 0.912112 0.899958
vt 0.888766 0.010615
vt 0.878435 0.009134
vt 0.883280 0.010620
vt 0.901138 0.002637
vt 0.895141 0.008016
vt 0.797550 0.003636
vt 0.827429 0.001959
vt 0.175525 0.600424
vt 0.857793 0.025127
vt 0.601107 0.090369
vt 0.638878 0.003626
vt 0.851198 0.011947
vt 0.398688 0.600424
vt 0.705810 0.926427
vt 0.867104 0.007947
vt 0.653695 0.003295
vt 0.649034 0.027132
vt 0.655629 0.027129
vt 0.451028 0.961955
vt 0.002112 0.670516
vt 0.416175 0.686427
vt 0.504356 0.719950
vt 0.527608 0.729581
vt 0.545403 0.747377
vt 0.555035 0.770628
vt 0.555035 0.795796
vt 0.545404 0.819047
vt 0.527608 0.836843
vt 0.479189 0.846474
vt 0.455937 0.836843
vt 0.438141 0.819048
vt 0.428510 0.795796
vt 0.428510 0.770629
vt 0.455937 0.729581
vt 0.404186 0.533955
vt 0.991347 0.695478
vt 0.991347 0.569710
vt 0.991347 0.946932
vt 0.991348 0.443949
vt 0.991347 0.821208
vt 0.925879 0.687737
vt 0.107662 0.605951
vt 0.424732 0.605951
vt 0.920460 0.587505
vt 0.001958 0.303948
vt 0.319793 0.730092
vt 0.344495 0.719952
vt 0.371104 0.720043
vt 0.414578 0.749410
vt 0.424599 0.774018
vt 0.424454 0.800632
vt 0.414156 0.825212
vt 0.395683 0.843514
vt 0.344118 0.853742
vt 0.319659 0.843681
vt 0.300829 0.824932
vt 0.290566 0.773838
vt 0.290611 0.800412
vt 0.001952 0.949957
vt 0.447120 0.962444
vt 0.691613 0.002031
vt 0.001967 0.895693
vt 0.434489 0.895693
vt 0.781567 0.895693
vt 0.751091 0.877959
vt 0.460290 0.877959
vt 0.348235 0.877959
vt 0.040355 0.877959
vt 0.001967 0.877959
vt 0.681138 0.012775
vt 0.277604 0.865443
vt 0.277767 0.871399
vt 0.531426 0.872440
vt 0.627126 0.856295
vt 0.627134 0.872221
vt 0.939735 0.862576
vt 0.939510 0.871634
vt 0.704121 0.001957
vt 0.259129 0.864120
vt 0.663298 0.012038
vt 0.993363 0.438400
vt 0.430733 0.519610
vt 0.430733 0.447957
vt 0.897236 0.275423
vt 0.902183 0.320686
vt 0.901680 0.248750
vt 0.895652 0.221951
vt 0.540306 0.290728
vt 0.592592 0.944730
vt 0.609883 0.838899
vt 0.589494 0.830454
vt 0.573889 0.814848
vt 0.565443 0.794459
vt 0.565443 0.772390
vt 0.573889 0.752001
vt 0.589494 0.736395
vt 0.631953 0.727950
vt 0.652342 0.736395
vt 0.667947 0.752001
vt 0.676393 0.794459
vt 0.667947 0.814848
vt 0.652342 0.830454
vt 0.623931 0.068155
vt 0.666885 0.025200
vt 0.723008 0.001954
vt 0.783754 0.001954
vt 0.839877 0.025200
vt 0.882832 0.068155
vt 0.906078 0.124277
vt 0.882832 0.241147
vt 0.839877 0.284101
vt 0.783754 0.307348
vt 0.723008 0.307348
vt 0.666885 0.284101
vt 0.600684 0.185024
vt 0.001959 0.715176
vt 0.889960 0.378629
vt 0.973201 0.750423
vt 0.958738 0.691750
vt 0.892087 0.719950
vt 0.914680 0.729308
vt 0.931972 0.746600
vt 0.941331 0.769192
vt 0.941331 0.793647
vt 0.931973 0.816239
vt 0.914681 0.833531
vt 0.867635 0.842890
vt 0.845042 0.833532
vt 0.827749 0.816240
vt 0.818391 0.769193
vt 0.827749 0.746601
vt 0.845041 0.729308
vt 0.636942 0.478699
vt 0.738260 0.458744
vt 0.769673 0.504852
vt 0.759679 0.559747
vt 0.714020 0.591837
vt 0.658950 0.582649
vt 0.625335 0.533303
vt 0.013502 0.833358
vt 0.114316 0.853225
vt 0.135636 0.752725
vt 0.035416 0.729923
vt 0.996567 0.443949
s 1
g off
f 97/1/1 3/2/2 1/3/3
f 6/4/4 82/5/5 4/6/6
f 6/4/4 84/7/7 83/8/8
f 10/9/9 84/7/7 8/10/10
f 12/11/11 85/12/12 10/9/9
f 14/13/13 86/14/14 12/11/11
f 14/13/13 88/15/15 87/16/16
f 18/17/17 88/15/15 16/18/18
f 20/19/19 89/20/20 18/17/17
f 22/21/21 90/22/22 20/19/19
f 22/21/21 92/23/23 91/24/24
f 26/25/25 92/23/23 24/26/26
f 28/27/27 93/28/28 26/25/25
f 30/29/29 94/30/30 28/27/27
f 30/29/29 96/31/31 95/32/32
f 38/33/33 97/1/1 35/34/34
f 112/35/35 1/36/3 31/37/36
f 81/38/37 78/39/38 96/31/31
f 33/40/39 82/5/5 36/41/40
f 79/42/41 77/43/42 76/44/43
f 80/45/44 111/46/45 77/43/42
f 95/32/32 78/39/38 75/47/46
f 76/44/43 74/48/47 73/49/48
f 77/43/42 110/50/49 74/48/47
f 94/30/30 75/47/46 72/51/50
f 73/49/48 71/52/51 70/53/52
f 74/48/47 109/54/53 71/52/51
f 69/55/54 94/30/30 72/51/50
f 70/53/52 68/56/55 67/57/56
f 71/52/51 108/58/57 68/56/55
f 92/23/23 69/55/54 66/59/58
f 67/57/56 65/60/59 64/61/60
f 68/56/55 107/62/61 65/60/59
f 91/24/24 66/59/58 63/63/62
f 64/61/60 62/64/63 61/65/64
f 65/60/59 106/66/65 62/64/63
f 90/22/22 63/63/62 60/67/66
f 61/65/64 59/68/67 58/69/68
f 62/64/63 105/70/69 59/68/67
f 57/71/70 90/22/22 60/67/66
f 58/69/68 56/72/71 55/73/72
f 59/68/67 104/74/73 56/72/71
f 88/15/15 57/71/70 54/75/74
f 55/73/72 53/76/75 52/77/76
f 56/72/71 103/78/77 53/76/75
f 87/16/16 54/75/74 51/79/78
f 52/77/76 50/80/79 49/81/80
f 53/76/75 102/82/81 50/80/79
f 86/14/14 51/79/78 48/83/82
f 49/81/80 47/84/83 46/85/84
f 50/80/79 101/86/85 47/84/83
f 45/87/86 86/14/14 48/83/82
f 46/85/84 44/88/87 43/89/88
f 47/84/83 100/90/89 44/88/87
f 84/7/7 45/87/86 42/91/90
f 43/89/88 41/92/91 40/93/92
f 44/88/87 99/94/93 41/92/91
f 83/8/8 42/91/90 39/95/94
f 40/93/92 38/33/33 37/96/95
f 41/92/91 98/97/96 38/33/33
f 82/5/5 39/95/94 36/41/40
f 37/96/95 35/34/34 34/98/97
f 34/99/97 80/45/44 79/42/41
f 33/100/39 79/42/41 78/39/38
f 4/6/6 81/101/37 2/102/98
f 76/44/43 78/39/38 79/42/41
f 72/51/50 76/44/43 73/49/48
f 69/55/54 73/49/48 70/53/52
f 66/59/58 70/53/52 67/57/56
f 64/61/60 66/59/58 67/57/56
f 60/67/66 64/61/60 61/65/64
f 57/71/70 61/65/64 58/69/68
f 54/75/74 58/69/68 55/73/72
f 52/77/76 54/75/74 55/73/72
f 48/83/82 52/77/76 49/81/80
f 45/87/86 49/81/80 46/85/84
f 43/89/88 45/87/86 46/85/84
f 40/93/92 42/91/90 43/89/88
f 36/41/40 40/93/92 37/96/95
f 33/40/39 37/96/95 34/98/97
f 5/103/99 114/104/100 3/2/2
f 99/94/93 3/2/2 98/97/96
f 100/90/89 5/103/99 99/94/93
f 101/86/85 7/105/101 100/90/89
f 102/82/81 9/106/102 101/86/85
f 103/78/77 11/107/103 102/82/81
f 104/74/73 13/108/104 103/78/77
f 105/70/69 15/109/105 104/74/73
f 105/70/69 19/110/106 17/111/107
f 106/66/65 21/112/108 19/110/106
f 107/62/61 23/113/109 21/112/108
f 109/54/53 23/113/109 108/58/57
f 109/54/53 27/114/110 25/115/111
f 110/50/49 29/116/112 27/114/110
f 112/35/35 29/116/112 111/46/45
f 35/117/34 112/35/35 80/45/44
f 15/109/105 119/118/113 13/108/104
f 23/113/109 123/119/114 21/112/108
f 1/36/3 128/120/115 31/37/36
f 9/106/102 118/121/116 117/122/117
f 17/111/107 122/123/118 121/124/119
f 29/116/112 126/125/120 27/114/110
f 7/105/101 115/126/121 5/103/99
f 25/115/111 124/127/122 23/113/109
f 1/3/3 114/104/100 113/128/123
f 19/110/106 123/119/114 122/123/118
f 15/109/105 121/124/119 120/129/124
f 11/107/103 119/118/113 118/121/116
f 31/37/36 127/130/125 29/116/112
f 9/106/102 116/131/126 7/105/101
f 25/115/111 126/125/120 125/132/127
f 121/124/119 136/133/128 120/129/124
f 114/104/100 129/134/129 113/128/123
f 128/120/115 143/135/130 127/130/125
f 115/126/121 130/136/131 114/104/100
f 122/123/118 137/137/132 121/124/119
f 129/138/129 128/120/115 113/139/123
f 116/131/126 131/140/133 115/126/121
f 123/119/114 138/141/134 122/123/118
f 117/122/117 132/142/135 116/131/126
f 124/127/122 139/143/136 123/119/114
f 118/121/116 133/144/137 117/122/117
f 125/132/127 140/145/138 124/127/122
f 119/118/113 134/146/139 118/121/116
f 126/125/120 141/147/140 125/132/127
f 120/129/124 135/148/141 119/118/113
f 127/130/125 142/149/142 126/125/120
f 32/150/143 81/38/37 96/31/31
f 207/151/144 239/152/145 238/153/144
f 197/154/146 230/155/147 229/156/146
f 205/157/148 237/158/149 244/159/150
f 204/160/151 235/161/152 203/162/152
f 206/163/153 238/153/144 237/158/149
f 204/160/151 244/159/150 236/164/154
f 193/165/155 226/166/156 225/167/155
f 202/168/157 235/161/152 234/169/157
f 225/167/155 208/170/145 193/165/155
f 200/171/158 231/172/159 199/173/159
f 157/174/160 188/175/161 156/176/161
f 151/177/159 182/178/147 150/179/147
f 158/180/153 189/181/160 157/174/160
f 152/182/158 183/183/159 151/177/159
f 159/184/144 190/185/153 158/180/153
f 146/186/156 177/187/155 145/188/155
f 153/189/162 184/190/158 152/182/158
f 160/191/145 191/192/144 159/184/144
f 147/193/163 178/194/156 146/186/156
f 154/195/157 185/196/162 153/189/162
f 145/188/155 192/197/145 160/191/145
f 148/198/164 179/199/163 147/193/163
f 155/200/152 186/201/157 154/195/157
f 149/202/146 180/203/164 148/204/164
f 156/176/161 187/205/152 155/200/152
f 170/206/157 217/207/162 169/208/162
f 161/209/165 192/210/165 177/211/165
f 150/212/166 240/213/166 241/214/166
f 175/215/165 192/210/165 176/216/165
f 176/217/145 223/218/144 175/219/144
f 163/220/163 210/221/156 162/222/156
f 161/223/155 224/224/145 176/217/145
f 164/225/164 211/226/163 163/220/163
f 171/227/152 218/228/157 170/206/157
f 165/229/146 212/230/164 164/225/164
f 172/231/161 219/232/152 171/227/152
f 166/233/167 213/234/146 165/229/146
f 173/235/160 220/236/161 172/231/161
f 166/233/167 215/237/168 214/238/147
f 174/239/153 221/240/160 173/235/160
f 168/241/169 215/237/168 167/242/170
f 175/219/144 222/243/153 174/239/153
f 162/244/156 209/245/155 161/223/155
f 169/208/162 216/246/158 168/241/169
f 193/247/171 210/248/172 194/249/172
f 194/250/172 211/251/173 195/252/173
f 196/253/174 211/251/173 212/254/174
f 197/255/175 212/254/174 213/256/175
f 197/255/175 214/257/176 198/258/176
f 198/258/176 215/259/177 199/260/177
f 200/261/178 215/259/177 216/262/178
f 201/263/179 216/262/178 217/264/179
f 201/263/179 218/265/180 202/266/181
f 202/266/181 219/267/182 203/268/182
f 204/269/183 219/267/182 220/270/184
f 205/271/185 220/270/184 221/272/185
f 205/271/185 222/273/186 206/274/187
f 206/274/187 223/275/188 207/276/188
f 207/276/188 224/277/189 208/278/189
f 193/247/171 224/277/189 209/279/171
f 196/280/164 229/156/146 228/281/164
f 239/282/165 244/283/165 238/284/165
f 234/169/157 201/285/162 202/168/157
f 194/286/156 227/287/163 226/166/156
f 232/288/158 201/289/162 233/290/162
f 196/280/164 227/287/163 195/291/163
f 231/172/159 198/292/147 199/173/159
f 150/179/147 181/293/146 149/202/146
f 161/209/165 178/294/165 162/295/165
f 163/296/165 178/294/165 179/297/165
f 164/298/165 179/297/165 180/299/165
f 165/300/165 180/299/165 181/301/165
f 182/302/165 165/300/165 181/301/165
f 183/303/190 166/304/191 182/302/165
f 168/305/192 183/303/190 184/306/165
f 169/307/165 186/308/165 170/309/165
f 169/307/165 184/306/165 185/310/165
f 171/311/165 186/308/165 187/312/165
f 171/311/165 188/313/165 172/314/165
f 172/314/165 189/315/165 173/316/165
f 174/317/165 189/315/165 190/318/165
f 175/215/165 190/318/165 191/319/165
f 152/320/166 245/321/166 153/322/166
f 246/323/166 153/322/166 245/321/166
f 155/324/166 246/323/166 247/325/166
f 156/326/166 247/325/166 248/327/166
f 249/328/166 156/326/166 248/327/166
f 250/329/166 157/330/166 249/328/166
f 251/331/166 158/332/166 250/329/166
f 252/333/166 159/334/166 251/331/166
f 253/335/166 160/336/166 252/333/166
f 146/337/166 253/335/166 254/338/166
f 147/339/166 254/338/166 255/340/166
f 256/341/166 147/339/166 255/340/166
f 240/213/166 148/342/166 256/341/166
f 151/343/166 241/214/166 242/344/166
f 151/345/166 243/346/166 152/320/166
f 273/347/162 323/348/132 272/349/132
f 359/350/193 355/351/193 292/352/194
f 360/353/195 319/354/196 318/355/197
f 273/347/162 325/356/128 322/357/162
f 261/358/198 292/352/194 260/359/199
f 288/360/129 351/361/195 287/362/200
f 274/363/128 324/364/201 325/356/128
f 262/365/142 293/366/202 261/358/198
f 257/367/155 352/368/129 288/360/129
f 412/369/199 381/370/163 380/371/130
f 265/372/146 348/373/203 264/374/140
f 266/375/138 349/376/146 265/372/146
f 280/377/137 340/378/204 279/379/161
f 266/375/138 341/380/205 350/381/138
f 281/382/160 339/383/137 280/377/137
f 282/384/135 338/385/160 281/382/160
f 283/386/153 337/387/135 282/384/135
f 428/388/206 326/389/206 430/390/206
f 258/391/207 353/392/155 257/367/155
f 285/393/208 316/394/209 284/395/133
f 272/349/132 321/396/210 271/397/211
f 259/398/212 354/399/207 258/391/207
f 286/400/213 317/401/214 285/393/208
f 357/402/155 320/403/215 356/404/129
f 358/405/207 290/406/216 357/402/155
f 327/407/128 305/408/217 328/409/162
f 336/410/204 312/411/218 311/412/219
f 330/413/132 303/414/220 329/415/210
f 328/409/162 304/416/221 330/413/132
f 344/417/146 296/418/222 347/419/140
f 326/420/201 306/421/223 327/407/128
f 356/404/129 319/354/196 360/353/195
f 346/422/205 298/423/224 345/424/138
f 333/425/160 312/411/218 335/426/137
f 332/427/135 313/428/225 333/425/160
f 359/350/193 289/429/226 358/405/207
f 345/424/138 297/430/227 344/417/146
f 427/431/129 377/432/155 376/433/129
f 459/434/228 463/435/228 396/436/229
f 422/437/134 464/438/230 455/439/230
f 426/440/155 378/441/207 377/432/155
f 396/436/229 365/442/152 364/443/141
f 391/444/158 456/445/132 392/446/132
f 378/441/207 428/447/231 379/448/156
f 397/449/152 366/450/139 365/442/152
f 456/445/132 361/451/162 392/446/132
f 366/450/139 398/452/139 447/453/204
f 452/454/232 369/455/160 368/456/137
f 414/457/233 415/458/164 440/459/234
f 453/460/160 370/461/135 369/455/160
f 444/462/234 384/463/140 383/464/164
f 370/461/135 445/465/235 371/466/153
f 443/467/140 385/468/146 384/463/140
f 442/469/146 386/470/138 385/468/146
f 405/471/144 374/472/131 373/473/144
f 406/474/131 433/475/236 425/476/236
f 457/477/162 362/478/128 361/451/162
f 420/479/237 389/480/159 388/481/238
f 375/482/145 427/431/129 376/433/129
f 458/483/128 363/484/157 362/478/128
f 421/485/159 390/486/134 389/480/159
f 424/487/132 461/488/162 460/489/132
f 394/490/162 462/491/128 461/488/162
f 277/492/239 308/493/240 276/494/229
f 409/495/155 431/496/207 432/497/155
f 440/459/234 416/498/140 439/499/140
f 433/475/236 408/500/129 434/501/129
f 408/500/129 432/497/155 434/501/129
f 451/502/241 401/503/160 448/504/160
f 410/505/207 430/506/231 431/496/207
f 464/438/230 424/487/132 460/489/132
f 402/507/135 450/508/235 449/509/135
f 439/499/140 417/510/146 437/511/146
f 342/512/234 296/418/222 295/513/242
f 417/510/146 436/514/243 437/511/146
f 393/515/128 463/435/228 462/491/128
f 401/503/160 449/509/135 448/504/160
f 372/516/244 371/466/153 445/465/235
f 414/457/233 381/370/163 413/517/163
f 258/518/166 361/519/166 362/520/166
f 259/521/166 362/520/166 363/522/166
f 260/523/166 363/522/166 364/524/166
f 261/525/166 364/524/166 365/526/166
f 262/527/166 365/526/166 366/528/166
f 262/527/166 367/529/166 263/530/166
f 263/530/166 368/531/166 264/532/166
f 265/533/166 368/531/166 369/534/166
f 265/533/166 370/535/166 266/536/166
f 266/536/166 371/537/166 267/538/166
f 267/538/166 372/539/166 268/540/166
f 268/540/166 373/541/166 269/542/166
f 270/543/166 373/541/166 374/544/166
f 271/545/166 374/544/166 375/546/166
f 272/547/166 375/546/166 376/548/166
f 272/547/166 377/549/166 273/550/166
f 273/550/166 378/551/166 274/552/166
f 274/552/166 379/553/166 275/554/166
f 275/554/166 380/555/166 276/556/166
f 277/557/166 380/555/166 381/558/166
f 278/559/166 381/558/166 382/560/166
f 279/561/166 382/560/166 383/562/166
f 280/563/166 383/562/166 384/564/166
f 281/565/166 384/564/166 385/566/166
f 281/565/166 386/567/166 282/568/166
f 282/568/166 387/569/166 283/570/166
f 283/570/166 388/571/166 284/572/166
f 285/573/166 388/571/166 389/574/166
f 285/573/166 390/575/166 286/576/166
f 287/577/166 390/575/166 391/578/166
f 288/579/166 391/578/166 392/580/166
f 257/581/166 392/580/166 361/519/166
f 289/582/226 394/583/165 290/584/216
f 291/585/245 393/586/165 289/582/226
f 292/587/194 395/588/165 291/585/245
f 293/589/202 396/590/165 292/587/194
f 294/591/246 397/592/165 293/589/202
f 294/591/246 399/593/165 398/594/165
f 295/595/242 400/596/165 399/593/165
f 297/597/227 400/596/165 296/598/222
f 297/597/227 402/599/165 401/600/165
f 298/601/224 403/602/165 402/599/165
f 299/603/247 404/604/165 403/602/165
f 300/605/248 405/606/165 404/604/165
f 302/607/249 405/606/165 301/608/250
f 303/609/220 406/610/165 302/607/249
f 304/611/221 407/612/165 303/609/220
f 305/613/217 408/614/165 304/611/221
f 305/613/217 410/615/165 409/616/165
f 306/617/223 411/618/165 410/615/165
f 307/619/251 412/620/165 411/618/165
f 309/621/252 412/620/165 308/622/240
f 310/623/253 413/624/165 309/621/252
f 311/625/219 414/626/165 310/623/253
f 312/627/218 415/628/165 311/625/219
f 313/629/225 416/630/165 312/627/218
f 313/629/225 418/631/165 417/632/165
f 315/633/254 418/631/165 314/634/255
f 316/635/209 419/636/165 315/633/254
f 317/637/214 420/638/165 316/635/209
f 317/637/214 422/639/165 421/640/165
f 319/641/196 422/639/165 318/642/197
f 320/643/215 423/644/165 319/641/196
f 290/584/216 424/645/165 320/643/215
f 336/410/204 311/412/219 310/646/253
f 428/447/231 430/506/231 412/369/199
f 322/647/165 429/648/165 426/649/165
f 322/647/165 427/650/165 323/651/165
f 323/651/165 425/652/165 321/653/165
f 325/654/165 428/655/165 429/648/165
f 327/656/166 430/657/166 326/658/166
f 328/659/166 431/660/166 327/656/166
f 330/661/166 432/662/166 328/659/166
f 329/663/166 434/664/166 330/661/166
f 270/665/256 301/666/250 269/667/257
f 372/516/244 405/668/144 373/669/144
f 329/415/210 303/414/220 302/670/249
f 333/671/166 436/672/258 332/673/259
f 332/673/259 438/674/260 334/675/261
f 333/671/166 439/676/166 437/677/166
f 335/678/166 440/679/166 439/676/166
f 337/680/262 435/681/263 441/682/264
f 338/683/165 441/682/165 442/684/165
f 338/683/165 443/685/165 339/686/165
f 339/686/165 444/687/165 340/688/165
f 345/689/166 450/690/166 346/691/166
f 344/692/166 449/693/166 345/689/166
f 342/694/265 451/695/266 347/696/267
f 344/692/166 451/695/266 448/697/166
f 343/698/268 452/699/269 447/700/270
f 349/701/271 452/699/269 348/702/272
f 350/703/165 445/704/165 454/705/165
f 349/701/271 454/705/165 453/706/273
f 342/707/274 447/708/274 446/709/274
f 452/454/232 367/710/161 447/453/204
f 331/711/235 284/395/133 316/394/209
f 455/712/275 360/713/275 351/714/275
f 352/715/165 455/716/165 351/717/165
f 353/718/165 456/719/165 352/715/165
f 354/720/165 457/721/165 353/718/165
f 355/722/165 458/723/165 354/720/165
f 357/724/166 460/725/166 461/726/166
f 358/727/166 461/726/166 462/728/166
f 359/729/166 462/728/166 463/730/166
f 356/731/166 464/732/166 460/725/166
f 359/733/276 459/734/276 355/735/276
f 264/374/140 343/736/277 263/737/164
f 269/738/257 300/739/248 268/740/136
f 420/479/237 388/481/238 438/741/278
f 346/742/279 445/743/280 341/744/280
f 346/422/205 341/380/205 300/739/248
f 342/512/234 295/513/242 294/745/246
f 446/746/281 400/747/137 451/502/241
f 435/748/282 386/470/138 441/749/283
f 334/750/235 314/751/255 332/427/135
f 436/514/243 419/752/284 438/741/278
f 331/753/285 438/754/286 435/755/287
f 336/756/288 444/757/288 440/758/288
f 278/759/139 309/760/252 277/492/239
f 329/761/289 425/762/289 433/763/289
f 326/420/201 324/364/201 308/493/240
f 525/764/290 486/765/291 487/766/290
f 476/767/292 466/768/293 477/769/293
f 478/770/294 467/771/295 479/772/295
f 482/773/296 469/774/297 470/775/296
f 479/772/295 468/776/298 480/777/298
f 480/777/298 469/774/297 481/778/297
f 484/779/299 494/780/300 485/781/300
f 482/773/296 471/782/301 483/783/301
f 483/783/301 493/784/299 484/779/299
f 486/785/302 494/780/300 472/786/302
f 487/787/303 496/788/304 488/789/304
f 486/785/302 495/790/303 487/791/303
f 488/789/304 473/792/305 489/793/305
f 477/769/293 492/794/294 478/770/294
f 490/795/306 473/792/305 474/796/306
f 490/795/306 465/797/307 475/798/307
f 518/799/308 479/800/309 480/801/308
f 517/802/309 478/803/310 479/800/309
f 519/804/311 480/801/308 481/805/311
f 526/806/312 487/807/290 488/808/312
f 520/809/313 481/805/311 482/810/313
f 527/811/314 488/808/312 489/812/314
f 521/813/315 482/810/313 483/814/315
f 528/815/316 489/812/314 490/816/316
f 522/817/317 483/814/315 484/818/317
f 513/819/318 490/816/316 475/820/318
f 523/821/319 484/818/317 485/822/319
f 497/823/165 514/824/165 498/825/165
f 516/826/310 477/827/320 478/803/310
f 524/828/291 485/822/319 486/765/291
f 514/829/321 475/820/318 476/830/321
f 515/831/320 476/830/321 477/827/320
f 507/832/322 540/833/323 539/834/324
f 498/825/165 515/835/165 499/836/165
f 500/837/165 515/835/165 516/838/165
f 501/839/165 516/838/165 517/840/165
f 501/839/165 518/841/165 502/842/165
f 502/842/165 519/843/165 503/844/165
f 504/845/165 519/843/165 520/846/165
f 505/847/165 520/846/165 521/848/165
f 505/847/165 522/849/165 506/850/165
f 506/850/165 523/851/165 507/852/165
f 508/853/165 523/851/165 524/854/165
f 509/855/165 524/854/165 525/856/165
f 509/857/165 526/858/165 510/859/165
f 511/860/165 526/858/165 527/861/165
f 512/862/165 527/861/165 528/863/165
f 497/823/165 528/863/165 513/864/165
f 501/865/325 532/866/326 500/867/327
f 542/868/165 544/869/165 536/870/165
f 502/871/328 533/872/329 501/865/325
f 508/873/330 541/874/331 540/833/323
f 503/875/332 534/876/333 502/871/328
f 509/877/334 542/878/335 541/879/331
f 504/880/336 535/881/337 503/875/332
f 510/882/338 543/883/339 542/878/335
f 498/884/340 529/885/341 497/886/342
f 505/887/343 536/888/344 504/880/336
f 511/889/345 544/890/346 543/883/339
f 499/891/347 530/892/348 498/884/340
f 505/887/343 538/893/349 537/894/350
f 512/895/351 529/885/341 544/890/346
f 500/867/327 531/896/352 499/891/347
f 506/897/353 539/834/324 538/893/349
f 475/798/307 491/898/292 476/767/292
f 566/899/354 605/900/355 567/901/356
f 546/902/357 556/903/358 557/904/357
f 559/905/359 572/906/360 558/907/360
f 562/908/361 549/909/362 561/910/362
f 548/911/363 559/905/359 560/912/363
f 549/909/362 560/912/363 561/910/362
f 574/913/364 564/914/365 565/915/364
f 563/916/366 550/917/361 562/908/361
f 573/918/365 563/916/366 564/914/365
f 566/919/367 574/913/364 565/915/364
f 576/920/368 567/921/369 568/922/368
f 567/923/369 552/924/367 566/919/367
f 553/925/370 568/922/368 569/926/370
f 558/907/360 546/902/357 557/904/357
f 570/927/371 553/925/370 569/926/370
f 555/928/372 554/929/371 570/927/371
f 559/930/373 598/931/374 560/932/375
f 558/933/376 597/934/377 559/930/373
f 560/932/375 599/935/378 561/936/379
f 567/937/356 606/938/380 568/939/381
f 561/936/379 600/940/382 562/941/383
f 568/939/381 607/942/384 569/943/385
f 562/941/383 601/944/386 563/945/387
f 569/943/385 608/946/388 570/947/389
f 563/945/387 602/948/390 564/949/391
f 570/947/389 593/950/392 555/951/393
f 564/949/391 603/952/394 565/953/395
f 578/954/396 593/955/392 577/956/397
f 558/933/376 595/957/398 596/958/399
f 565/953/395 604/959/400 566/899/354
f 555/951/393 594/960/401 556/961/402
f 556/961/402 595/957/398 557/962/403
f 587/963/404 620/964/405 588/965/406
f 579/966/407 594/967/401 578/954/396
f 580/968/408 595/969/398 579/966/407
f 581/970/409 596/971/399 580/968/408
f 582/972/410 597/973/377 581/970/409
f 583/974/411 598/975/374 582/972/410
f 584/976/412 599/977/378 583/974/411
f 585/978/413 600/979/382 584/976/412
f 602/980/390 585/978/413 586/981/414
f 603/982/394 586/981/414 587/983/404
f 604/984/400 587/983/404 588/985/406
f 605/986/355 588/985/406 589/987/415
f 606/988/380 589/989/415 590/990/416
f 607/991/384 590/990/416 591/992/417
f 608/993/388 591/992/417 592/994/418
f 593/955/392 592/994/418 577/956/397
f 612/995/419 581/996/409 580/997/408
f 616/998/420 614/999/421 610/1000/422
f 613/1001/423 582/1002/410 581/996/409
f 588/965/406 621/1003/424 589/1004/415
f 614/999/421 583/1005/411 582/1002/410
f 589/1006/415 622/1007/425 590/1008/416
f 615/1009/426 584/1010/412 583/1005/411
f 590/1008/416 623/1011/427 591/1012/417
f 609/1013/428 578/1014/396 577/1015/397
f 616/998/420 585/1016/413 584/1010/412
f 591/1012/417 624/1017/429 592/1018/418
f 610/1000/422 579/1019/407 578/1014/396
f 585/1016/413 618/1020/430 586/1021/414
f 592/1018/418 609/1013/428 577/1015/397
f 611/1022/431 580/997/408 579/1019/407
f 586/1021/414 619/1023/432 587/963/404
f 571/1024/358 555/928/372 556/903/358
f 470/1025/433 549/1026/434 550/1027/435
f 470/1025/433 551/1028/436 471/1029/436
f 474/1030/437 553/1031/438 554/1032/437
f 474/1030/437 545/1033/439 465/1034/439
f 493/1035/440 574/1036/441 494/1037/441
f 495/1038/442 576/1039/443 496/1040/444
f 465/1034/439 571/1041/445 491/1042/446
f 491/1042/446 546/1043/447 466/1044/448
f 492/1045/449 546/1043/447 572/1046/449
f 492/1045/449 547/1047/450 467/1048/450
f 467/1048/450 548/1049/451 468/1050/452
f 468/1050/452 549/1026/434 469/1051/434
f 471/1029/436 573/1052/440 493/1035/440
f 494/1037/441 552/1053/453 472/1054/454
f 472/1054/454 575/1055/442 495/1056/442
f 496/1040/444 553/1031/438 473/1057/455
f 635/1058/456 636/1059/457 689/1060/165
f 628/1061/458 629/1062/459 689/1060/165
f 687/1063/460 654/1064/461 655/1065/462
f 675/1066/463 644/1067/464 676/1068/465
f 640/1069/466 625/1070/467 689/1060/165
f 638/1071/468 639/1072/469 689/1060/165
f 633/1073/470 634/1074/471 689/1060/165
f 625/1070/467 626/1075/472 689/1060/165
f 632/1076/473 633/1073/470 689/1060/165
f 639/1072/469 640/1069/466 689/1060/165
f 627/1077/474 628/1061/458 689/1060/165
f 636/1059/457 637/1078/475 689/1060/165
f 631/1079/476 632/1076/473 689/1060/165
f 637/1078/475 638/1071/468 689/1060/165
f 650/1080/477 646/1081/478 656/1082/479
f 643/1083/480 674/1084/481 642/1085/482
f 630/1086/483 631/1087/476 689/1060/165
f 629/1062/459 630/1086/483 689/1060/165
f 679/1088/484 648/1089/485 680/1090/486
f 682/1091/487 651/1092/488 683/1093/489
f 681/1094/490 650/1095/477 682/1091/487
f 673/1096/491 642/1085/482 674/1084/481
f 640/1069/466 657/1097/492 625/1070/467
f 684/1098/493 651/1092/488 652/1099/494
f 647/1100/495 678/1101/496 646/1102/478
f 677/1103/497 646/1102/478 678/1101/496
f 637/1078/475 668/1104/498 669/1105/499
f 636/1059/457 667/1106/500 668/1104/498
f 680/1090/486 649/1107/501 681/1094/490
f 639/1072/469 672/1108/502 640/1069/466
f 627/1077/474 660/1109/503 628/1061/458
f 634/1074/471 635/1058/456 689/1060/165
f 688/1110/504 655/1065/462 656/1111/479
f 686/1112/505 653/1113/506 654/1064/461
f 673/1096/491 656/1111/479 641/1114/507
f 626/1075/472 659/1115/508 627/1077/474
f 631/1079/476 664/1116/509 632/1076/473
f 635/1058/456 666/1117/510 667/1106/500
f 634/1074/471 665/1118/511 666/1117/510
f 632/1076/473 665/1118/511 633/1073/470
f 625/1070/467 658/1119/512 626/1075/472
f 628/1061/458 661/1120/513 629/1062/459
f 629/1062/459 662/1121/514 630/1086/483
f 676/1068/465 645/1122/515 677/1103/497
f 630/1086/483 663/1123/516 631/1087/476
f 638/1071/468 669/1105/499 670/1124/517
f 639/1072/469 670/1124/517 671/1125/518
f 685/1126/519 652/1099/494 653/1113/506
f 688/1110/504 690/1127/520 687/1063/460
f 673/1096/491 693/1128/521 688/1110/504
f 674/1084/481 695/1129/522 673/1096/491
f 674/1084/481 699/1130/523 697/1131/524
f 676/1068/465 699/1130/523 675/1066/463
f 677/1103/497 701/1132/525 676/1068/465
f 678/1101/496 703/1133/526 677/1103/497
f 678/1101/496 707/1134/527 705/1135/528
f 680/1090/486 707/1136/527 679/1088/484
f 680/1090/486 711/1137/529 709/1138/530
f 682/1091/487 711/1137/529 681/1094/490
f 682/1091/487 715/1139/531 713/1140/532
f 684/1098/493 715/1139/531 683/1093/489
f 685/1126/519 717/1141/533 684/1098/493
f 686/1112/505 719/1142/534 685/1126/519
f 686/1112/505 690/1127/520 721/1143/535
f 693/1128/521 691/1144/536 690/1127/520
f 691/1145/536 672/1108/502 671/1125/518
f 695/1129/522 692/1146/537 693/1128/521
f 694/1147/538 672/1108/502 692/1148/537
f 697/1131/524 694/1149/538 695/1129/522
f 696/1150/539 657/1097/492 694/1147/538
f 699/1130/523 696/1151/539 697/1131/524
f 698/1152/540 658/1119/512 696/1150/539
f 701/1132/525 698/1153/540 699/1130/523
f 698/1152/540 660/1109/503 659/1115/508
f 703/1133/526 700/1154/541 701/1132/525
f 702/1155/542 660/1109/503 700/1156/541
f 705/1135/528 702/1157/542 703/1133/526
f 704/1158/543 661/1120/513 702/1155/542
f 705/1135/528 706/1159/544 704/1160/543
f 706/1161/544 662/1121/514 704/1158/543
f 709/1138/530 706/1162/544 707/1136/527
f 706/1163/544 664/1116/509 663/1164/516
f 709/1138/530 710/1165/545 708/1166/546
f 710/1167/545 664/1116/509 708/1168/546
f 713/1140/532 710/1165/545 711/1137/529
f 710/1167/545 666/1117/510 665/1118/511
f 715/1139/531 712/1169/547 713/1140/532
f 714/1170/548 666/1117/510 712/1171/547
f 717/1141/533 714/1172/548 715/1139/531
f 714/1170/548 668/1104/498 667/1106/500
f 719/1142/534 716/1173/549 717/1141/533
f 718/1174/550 668/1104/498 716/1175/549
f 721/1143/535 718/1176/550 719/1142/534
f 720/1177/551 669/1105/499 718/1174/550
f 690/1127/520 720/1178/551 721/1143/535
f 691/1145/536 670/1124/517 720/1177/551
f 626/1075/472 627/1077/474 689/1060/165
f 732/1179/552 811/1180/553 731/1181/554
f 817/1182/555 738/1183/556 739/1184/557
f 818/1185/558 739/1184/557 740/1186/559
f 801/1187/560 747/1188/561 748/1189/562
f 802/1190/563 748/1189/562 749/1191/564
f 824/1192/565 749/1191/564 750/1193/566
f 816/1194/567 737/1195/568 738/1183/556
f 822/1196/569 745/1197/570 746/1198/571
f 823/1199/572 746/1198/571 747/1188/561
f 723/1200/573 793/1201/574 754/1202/575
f 821/1203/576 742/1204/577 743/1205/578
f 789/1206/579 743/1205/578 744/1207/580
f 790/1208/581 744/1207/580 745/1197/570
f 826/1209/582 751/1210/583 752/1211/584
f 827/1212/585 752/1211/584 753/1213/586
f 728/1214/587 807/1215/588 727/1216/589
f 729/1217/590 808/1218/591 728/1214/587
f 730/1219/592 809/1220/593 729/1217/590
f 731/1181/554 810/1221/594 730/1219/592
f 825/1222/595 750/1193/566 751/1210/583
f 733/1223/596 812/1224/597 732/1179/552
f 734/1225/598 813/1226/599 733/1223/596
f 735/1227/600 814/1228/601 734/1225/598
f 736/1229/602 797/1230/603 735/1227/600
f 737/1195/568 798/1231/604 736/1229/602
f 838/1232/605 761/1233/606 766/1234/607
f 726/1235/608 805/1236/609 725/1237/610
f 727/1216/589 806/1238/611 726/1235/608
f 804/1239/612 722/1240/613 724/1241/614
f 820/1242/615 741/1243/616 742/1204/577
f 722/1244/613 835/1245/617 755/1246/618
f 725/1237/610 756/1247/619 726/1235/608
f 726/1235/608 772/1248/620 727/1216/589
f 727/1216/589 773/1249/621 728/1214/587
f 728/1214/587 774/1250/622 729/1217/590
f 729/1217/590 767/1251/623 730/1219/592
f 730/1219/592 764/1252/624 731/1181/554
f 764/1252/624 732/1179/552 731/1181/554
f 759/1253/625 733/1223/596 732/1179/552
f 775/1254/626 734/1225/598 733/1223/596
f 776/1255/627 735/1227/600 734/1225/598
f 777/1256/628 736/1229/602 735/1227/600
f 736/1229/602 768/1257/629 737/1195/568
f 737/1195/568 762/1258/630 738/1183/556
f 762/1258/630 739/1184/557 738/1183/556
f 757/1259/631 740/1186/559 739/1184/557
f 740/1186/559 780/1260/632 741/1243/616
f 741/1243/616 781/1261/633 742/1204/577
f 742/1204/577 769/1262/634 743/1205/578
f 743/1205/578 765/1263/635 744/1207/580
f 744/1207/580 760/1264/636 745/1197/570
f 745/1197/570 782/1265/637 746/1198/571
f 782/1265/637 747/1188/561 746/1198/571
f 783/1266/638 748/1189/562 747/1188/561
f 784/1267/639 749/1191/564 748/1189/562
f 785/1268/640 750/1193/566 749/1191/564
f 770/1269/641 751/1210/583 750/1193/566
f 763/1270/642 752/1211/584 751/1210/583
f 752/1211/584 786/1271/643 753/1213/586
f 753/1213/586 787/1272/644 754/1202/575
f 754/1202/575 771/1273/645 723/1200/573
f 819/1274/646 740/1186/559 741/1243/616
f 755/1275/618 724/1241/614 722/1240/613
f 754/1202/575 827/1212/585 753/1213/586
f 724/1241/614 761/1233/606 725/1237/610
f 837/1276/647 759/1253/625 764/1252/624
f 762/1258/630 830/1277/648 757/1259/631
f 757/1259/631 831/1278/649 779/1279/650
f 833/1280/651 787/1272/644 786/1271/643
f 792/1281/652 771/1273/645 787/1272/644
f 781/1261/633 849/1282/653 769/1262/634
f 769/1262/634 788/1283/654 765/1263/635
f 768/1257/629 846/1284/655 762/1258/630
f 760/1264/636 850/1285/656 782/1265/637
f 782/1265/637 851/1286/657 783/1266/638
f 783/1266/638 800/1287/658 784/1267/639
f 784/1267/639 803/1288/659 785/1268/640
f 785/1268/640 852/1289/660 770/1269/641
f 765/1263/635 791/1290/661 760/1264/636
f 763/1270/642 832/1291/662 758/1292/663
f 758/1292/663 833/1280/651 786/1271/643
f 829/1293/664 773/1249/621 772/1248/620
f 840/1294/665 774/1250/622 773/1249/621
f 841/1295/666 767/1251/623 774/1250/622
f 836/1296/667 764/1252/624 767/1251/623
f 770/1269/641 853/1297/668 763/1270/642
f 839/1298/669 756/1247/619 761/1233/606
f 828/1299/670 772/1248/620 756/1247/619
f 844/1300/671 777/1256/628 776/1255/627
f 796/1301/672 778/1302/673 777/1256/628
f 799/1303/674 768/1257/629 778/1302/673
f 842/1304/675 775/1254/626 759/1253/625
f 843/1305/676 776/1255/627 775/1254/626
f 779/1279/650 847/1306/677 780/1260/632
f 780/1260/632 848/1307/678 781/1261/633
f 755/1275/618 838/1232/605 766/1234/607
f 725/1237/610 804/1239/612 724/1241/614
f 839/1308/669 804/1239/612 805/1236/609
f 828/1309/670 805/1236/609 806/1238/611
f 829/1310/664 806/1238/611 807/1215/588
f 840/1311/665 807/1215/588 808/1218/591
f 841/1312/666 808/1218/591 809/1220/593
f 836/1313/667 809/1220/593 810/1221/594
f 837/1314/647 810/1221/594 811/1180/553
f 812/1224/597 837/1314/647 811/1180/553
f 813/1226/599 842/1315/675 812/1224/597
f 814/1228/601 843/1316/676 813/1226/599
f 797/1230/603 844/1317/671 814/1228/601
f 798/1231/604 796/1318/672 797/1230/603
f 845/1319/679 798/1231/604 815/1320/680
f 846/1321/655 815/1320/680 816/1194/567
f 817/1182/555 846/1321/655 816/1194/567
f 818/1185/558 830/1322/648 817/1182/555
f 847/1323/677 818/1185/558 819/1274/646
f 848/1324/678 819/1274/646 820/1242/615
f 849/1325/653 820/1242/615 821/1203/576
f 788/1326/654 821/1203/576 789/1206/579
f 791/1327/661 789/1206/579 790/1208/581
f 850/1328/656 790/1208/581 822/1196/569
f 823/1199/572 850/1328/656 822/1196/569
f 801/1187/560 851/1329/657 823/1199/572
f 802/1190/563 800/1330/658 801/1187/560
f 824/1192/565 803/1331/659 802/1190/563
f 825/1222/595 852/1332/660 824/1192/565
f 826/1209/582 853/1333/668 825/1222/595
f 827/1212/585 832/1334/662 826/1209/582
f 794/1335/681 792/1336/652 793/1201/574
f 792/1336/652 827/1212/585 793/1201/574
f 804/1239/612 835/1337/617 834/1338/682
f 795/1339/683 723/1340/573 771/1341/645
f 860/1342/684 859/1343/685 861/1344/686
f 863/1345/687 860/1342/684 861/1344/686
f 865/1346/688 862/1347/689 863/1345/687
f 867/1348/690 864/1349/691 865/1346/688
f 869/1350/692 866/1351/693 867/1348/690
f 871/1352/694 868/1353/695 869/1350/692
f 873/1354/696 870/1355/697 871/1352/694
f 875/1356/698 872/1357/699 873/1354/696
f 877/1358/700 874/1359/701 875/1356/698
f 879/1360/702 876/1361/703 877/1358/700
f 881/1362/704 878/1363/705 879/1360/702
f 883/1364/706 880/1365/707 881/1362/704
f 885/1366/708 882/1367/709 883/1364/706
f 887/1368/710 884/1369/711 885/1366/708
f 888/1370/712 887/1368/710 889/1371/713
f 890/1372/714 889/1371/713 891/1373/715
f 893/1374/716 890/1372/714 891/1373/715
f 895/1375/717 892/1376/718 893/1374/716
f 897/1377/719 894/1378/720 895/1375/717
f 899/1379/721 896/1380/722 897/1377/719
f 901/1381/723 898/1382/724 899/1379/721
f 902/1383/725 901/1381/723 903/1384/726
f 904/1385/727 903/1384/726 905/1386/728
f 906/1387/729 905/1386/728 907/1388/730
f 908/1389/731 907/1388/730 909/1390/732
f 910/1391/733 909/1390/732 911/1392/734
f 912/1393/735 911/1392/734 913/1394/736
f 914/1395/737 913/1394/736 915/1396/738
f 916/1397/739 915/1396/738 917/1398/740
f 919/1399/741 916/1397/739 917/1398/740
f 918/1400/742 856/1401/743 857/1402/744
f 855/1403/745 858/1404/746 854/1405/747
f 858/1404/746 954/1406/748 854/1405/747
f 953/1407/749 861/1344/686 859/1343/685
f 860/1342/684 955/1408/750 858/1404/746
f 861/1344/686 958/1409/751 863/1345/687
f 959/1410/752 860/1342/684 862/1347/689
f 863/1345/687 934/1411/753 865/1346/688
f 935/1412/754 862/1347/689 864/1349/691
f 865/1346/688 937/1413/755 867/1348/690
f 936/1414/756 864/1349/691 866/1351/693
f 867/1348/690 927/1415/757 869/1350/692
f 926/1416/758 866/1351/693 868/1353/695
f 869/1350/692 921/1417/759 871/1352/694
f 920/1418/760 868/1353/695 870/1355/697
f 921/1417/759 873/1354/696 871/1352/694
f 872/1357/699 920/1418/760 870/1355/697
f 960/1419/761 875/1356/698 873/1354/696
f 874/1359/701 961/1420/762 872/1357/699
f 962/1421/763 877/1358/700 875/1356/698
f 876/1361/703 963/1422/764 874/1359/701
f 964/1423/765 879/1360/702 877/1358/700
f 878/1363/705 965/1424/766 876/1361/703
f 966/1425/767 881/1362/704 879/1360/702
f 880/1365/707 967/1426/768 878/1363/705
f 942/1427/769 883/1364/706 881/1362/704
f 882/1367/709 943/1428/770 880/1365/707
f 945/1429/771 885/1366/708 883/1364/706
f 884/1369/711 944/1430/772 882/1367/709
f 885/1366/708 925/1431/773 887/1368/710
f 924/1432/774 884/1369/711 886/1433/775
f 887/1368/710 968/1434/776 889/1371/713
f 969/1435/777 886/1433/775 888/1370/712
f 968/1434/776 891/1373/715 889/1371/713
f 890/1372/714 969/1435/777 888/1370/712
f 891/1373/715 972/1436/778 893/1374/716
f 973/1437/779 890/1372/714 892/1376/718
f 893/1374/716 974/1438/780 895/1375/717
f 975/1439/781 892/1376/718 894/1378/720
f 895/1375/717 976/1440/782 897/1377/719
f 977/1441/783 894/1378/720 896/1380/722
f 897/1377/719 938/1442/784 899/1379/721
f 939/1443/785 896/1380/722 898/1382/724
f 899/1379/721 941/1444/786 901/1381/723
f 940/1445/787 898/1382/724 900/1446/788
f 901/1381/723 929/1447/789 903/1384/726
f 928/1448/790 900/1446/788 902/1383/725
f 903/1384/726 923/1449/791 905/1386/728
f 922/1450/792 902/1383/725 904/1385/727
f 923/1449/791 907/1388/730 905/1386/728
f 906/1387/729 922/1450/792 904/1385/727
f 978/1451/793 909/1390/732 907/1388/730
f 908/1389/731 979/1452/794 906/1387/729
f 980/1453/795 911/1392/734 909/1390/732
f 910/1391/733 981/1454/796 908/1389/731
f 982/1455/797 913/1394/736 911/1392/734
f 912/1393/735 983/1456/798 910/1391/733
f 984/1457/799 915/1396/738 913/1394/736
f 914/1395/737 985/1458/800 912/1393/735
f 946/1459/801 917/1398/740 915/1396/738
f 916/1397/739 947/1460/802 914/1395/737
f 917/1398/740 933/1461/803 919/1399/741
f 932/1462/804 916/1397/739 918/1400/742
f 919/1399/741 950/1463/805 856/1401/743
f 951/1464/806 918/1400/742 857/1402/744
f 954/1465/748 855/1466/745 854/1467/747
f 957/1468/807 953/1407/749 955/1469/750
f 958/1409/751 957/1468/807 959/1470/752
f 934/1411/753 959/1470/752 935/1471/754
f 937/1413/755 935/1471/754 936/1472/756
f 927/1415/757 936/1472/756 926/1473/758
f 921/1417/759 926/1473/758 920/1474/760
f 960/1419/761 920/1474/760 961/1475/762
f 962/1421/763 961/1475/762 963/1476/764
f 964/1423/765 963/1476/764 965/1477/766
f 966/1425/767 965/1477/766 967/1478/768
f 942/1427/769 967/1478/768 943/1479/770
f 945/1429/771 943/1479/770 944/1480/772
f 931/1481/808 944/1480/772 930/1482/809
f 925/1431/773 930/1482/809 924/1483/774
f 969/1484/777 925/1431/773 924/1483/774
f 971/1485/810 968/1434/776 969/1484/777
f 972/1436/778 971/1485/810 973/1486/779
f 974/1438/780 973/1486/779 975/1487/781
f 976/1440/782 975/1487/781 977/1488/783
f 938/1442/784 977/1488/783 939/1489/785
f 941/1444/786 939/1489/785 940/1490/787
f 928/1491/790 941/1444/786 940/1490/787
f 922/1492/792 929/1447/789 928/1491/790
f 979/1493/794 923/1449/791 922/1492/792
f 981/1494/796 978/1451/793 979/1493/794
f 983/1495/798 980/1453/795 981/1494/796
f 985/1496/800 982/1455/797 983/1495/798
f 947/1497/802 984/1457/799 985/1496/800
f 948/1498/811 946/1459/801 947/1497/802
f 933/1461/803 948/1498/811 932/1499/804
f 950/1463/805 932/1499/804 951/1500/806
f 952/1501/812 955/1469/750 953/1407/749
f 952/1501/812 859/1343/685 855/1403/745
f 856/1502/743 951/1503/806 857/1504/744
f 1083/1505/813 988/1506/814 1084/1507/815
f 1059/1508/816 997/1509/817 990/1510/818
f 989/1511/819 1083/1512/813 1084/1513/815
f 990/1510/818 996/1514/820 989/1511/819
f 991/1515/821 1060/1516/822 1059/1508/816
f 992/1517/823 993/1518/824 999/1519/825
f 1003/1520/826 1083/1512/813 996/1514/820
f 1050/1521/827 1058/1522/828 1057/1523/829
f 997/1509/817 1003/1520/826 996/1514/820
f 1000/1524/830 1005/1525/831 1082/1526/832
f 1002/1527/833 1007/1528/834 1001/1529/835
f 1008/1530/836 1002/1531/833 1003/1520/826
f 1002/1527/833 995/1532/837 1083/1505/813
f 1001/1529/835 994/1533/838 995/1532/837
f 993/1518/824 1000/1524/830 1082/1526/832
f 998/1534/839 992/1517/823 999/1519/825
f 1009/1535/840 1003/1520/826 1004/1536/841
f 1063/1537/842 1004/1536/841 1061/1538/843
f 1060/1516/822 1004/1536/841 997/1509/817
f 1010/1539/844 1061/1538/843 1062/1540/845
f 1016/1541/846 1008/1530/836 1009/1535/840
f 998/1534/839 1061/1538/843 1060/1516/822
f 1011/1542/847 1062/1540/845 1081/1543/848
f 999/1519/825 1062/1540/845 998/1534/839
f 1082/1526/832 1011/1542/847 1081/1543/848
f 1082/1526/832 999/1519/825 993/1518/824
f 1007/1528/834 1013/1544/849 1006/1545/850
f 1080/1546/851 1014/1547/852 1007/1528/834
f 1017/1548/853 1063/1537/842 1010/1539/844
f 1018/1549/854 1005/1525/831 1012/1550/855
f 1018/1549/854 1010/1539/844 1011/1542/847
f 1012/1550/855 1006/1545/850 1013/1544/849
f 1013/1544/849 1019/1551/856 1012/1550/855
f 1023/1552/857 1015/1553/858 1016/1541/846
f 1017/1548/853 1065/1554/859 1064/1555/860
f 1012/1550/855 1025/1556/861 1018/1549/854
f 1017/1548/853 1025/1556/861 1024/1557/862
f 1064/1555/860 1023/1552/857 1016/1541/846
f 1077/1558/863 1021/1559/864 1078/1560/865
f 1022/1561/866 1079/1562/867 1015/1553/858
f 1065/1554/859 1030/1563/868 1023/1552/857
f 1022/1561/866 1077/1564/863 1078/1565/865
f 1023/1552/857 1029/1566/869 1022/1561/866
f 1079/1567/867 1021/1559/864 1014/1547/852
f 1024/1557/862 1066/1568/870 1065/1554/859
f 1025/1556/861 1026/1569/871 1032/1570/872
f 1025/1556/861 1031/1571/873 1024/1557/862
f 1076/1572/874 1028/1573/875 1077/1558/863
f 1014/1547/852 1020/1574/876 1013/1544/849
f 1066/1568/870 1037/1575/877 1030/1563/868
f 1029/1566/869 1076/1576/874 1077/1564/863
f 1030/1563/868 1036/1577/878 1029/1566/869
f 1035/1578/879 1027/1579/880 1028/1573/875
f 1027/1579/880 1019/1551/856 1020/1574/876
f 1031/1571/873 1067/1580/881 1066/1568/870
f 1032/1570/872 1033/1581/882 1039/1582/883
f 1038/1583/884 1032/1570/872 1039/1582/883
f 1034/1584/885 1026/1569/871 1027/1579/880
f 1075/1585/886 1046/1586/887 1045/1587/888
f 1036/1577/878 1042/1588/889 1076/1576/874
f 1047/1589/890 1040/1590/891 1041/1591/892
f 1037/1575/877 1043/1592/893 1036/1577/878
f 1001/1529/835 1006/1545/850 1000/1524/830
f 1043/1592/893 1073/1593/894 1042/1588/889
f 1028/1573/875 1020/1574/876 1021/1559/864
f 1073/1594/894 1041/1591/892 1042/1595/889
f 1042/1595/889 1035/1578/879 1076/1572/874
f 1041/1591/892 1034/1584/885 1035/1578/879
f 1033/1581/882 1040/1590/891 1075/1585/886
f 1064/1555/860 1009/1535/840 1063/1537/842
f 994/1533/838 986/1596/895 987/1597/896
f 1044/1598/897 1048/1599/898 1043/1592/893
f 1068/1600/899 1049/1601/900 1044/1598/897
f 1067/1580/881 1044/1598/897 1037/1575/877
f 1054/1602/901 1046/1586/887 1047/1589/890
f 1045/1587/888 1053/1603/902 1052/1604/903
f 1069/1605/904 1070/1606/905 1068/1600/899
f 1038/1583/884 1068/1600/899 1067/1580/881
f 1074/1607/906 1050/1521/827 1069/1605/904
f 1039/1582/883 1069/1605/904 1038/1583/884
f 1045/1587/888 1074/1607/906 1075/1585/886
f 1073/1594/894 1054/1602/901 1047/1589/890
f 1070/1606/905 1056/1608/907 1049/1601/900
f 1048/1599/898 1072/1609/908 1073/1593/894
f 1049/1601/900 1055/1610/909 1048/1599/898
f 1050/1521/827 1071/1611/910 1070/1606/905
f 1051/1612/911 1052/1604/903 1058/1522/828
f 1075/1585/886 1039/1582/883 1033/1581/882
f 995/1532/837 987/1597/896 988/1506/814
f 1163/1613/912 1087/1614/913 1164/1615/914
f 1110/1616/915 1099/1617/916 1100/1618/917
f 1103/1619/918 1105/1620/919 1102/1621/920
f 1088/1622/921 1163/1623/912 1164/1624/914
f 1089/1625/922 1095/1626/923 1088/1622/921
f 1092/1627/924 1091/1628/925 1085/1629/926
f 1162/1630/927 1109/1631/928 1108/1632/929
f 1111/1633/930 1100/1618/917 1101/1634/931
f 1097/1635/932 1099/1617/916 1096/1636/933
f 1090/1637/934 1096/1636/933 1089/1625/922
f 1098/1638/935 1100/1618/917 1097/1635/932
f 1102/1621/920 1111/1633/930 1101/1634/931
f 1096/1636/933 1162/1630/927 1095/1626/923
f 1103/1619/918 1092/1627/924 1093/1639/936
f 1104/1640/937 1106/1641/938 1103/1619/918
f 1094/1642/939 1103/1619/918 1093/1639/936
f 1161/1643/940 1107/1644/941 1104/1640/937
f 1163/1613/912 1104/1640/937 1094/1642/939
f 1108/1632/929 1161/1645/940 1162/1630/927
f 1102/1621/920 1098/1638/935 1092/1627/924
f 1107/1644/941 1113/1646/942 1106/1641/938
f 1111/1633/930 1117/1647/943 1110/1616/915
f 1106/1641/938 1112/1648/944 1105/1620/919
f 1116/1649/945 1108/1632/929 1109/1631/928
f 1105/1620/919 1118/1650/946 1111/1633/930
f 1160/1651/947 1114/1652/948 1107/1644/941
f 1115/1653/949 1160/1654/947 1108/1632/929
f 1117/1647/943 1109/1631/928 1110/1616/915
f 1119/1655/950 1118/1650/946 1112/1648/944
f 1121/1656/951 1113/1646/942 1114/1652/948
f 1112/1648/944 1120/1657/952 1119/1655/950
f 1117/1647/943 1125/1658/953 1124/1659/954
f 1115/1653/949 1158/1660/955 1159/1661/956
f 1158/1662/955 1114/1652/948 1159/1663/956
f 1117/1647/943 1123/1664/957 1116/1649/945
f 1119/1655/950 1127/1665/958 1126/1666/959
f 1132/1667/960 1124/1659/954 1125/1658/953
f 1124/1659/954 1130/1668/961 1123/1664/957
f 1122/1669/962 1157/1670/963 1158/1660/955
f 1157/1671/963 1121/1656/951 1158/1662/955
f 1123/1664/957 1129/1672/964 1122/1669/962
f 1128/1673/965 1120/1657/952 1121/1656/951
f 1137/1674/966 1140/1675/967 1146/1676/968
f 1132/1667/960 1136/1677/969 1137/1674/966
f 1125/1658/953 1126/1666/959 1132/1667/960
f 1138/1678/970 1146/1676/968 1145/1679/971
f 1131/1680/972 1137/1674/966 1138/1678/970
f 1138/1678/970 1144/1681/973 1139/1682/974
f 1131/1680/972 1139/1682/974 1130/1668/961
f 1139/1682/974 1143/1683/975 1156/1684/976
f 1093/1639/936 1085/1629/926 1086/1685/977
f 1126/1666/959 1135/1686/978 1136/1677/969
f 1134/1687/979 1155/1688/980 1142/1689/981
f 1129/1672/964 1133/1690/982 1157/1670/963
f 1127/1665/958 1134/1687/979 1135/1686/978
f 1151/1691/983 1143/1683/975 1144/1681/973
f 1136/1677/969 1141/1692/984 1140/1675/967
f 1155/1688/980 1149/1693/985 1142/1689/981
f 1135/1686/978 1142/1689/981 1141/1692/984
f 1128/1673/965 1133/1694/982 1134/1687/979
f 1156/1684/976 1155/1695/980 1133/1690/982
f 1143/1683/975 1154/1696/986 1155/1695/980
f 1147/1697/987 1141/1692/984 1148/1698/988
f 1152/1699/989 1144/1681/973 1145/1679/971
f 1153/1700/990 1140/1675/967 1147/1697/987
f 1097/1635/932 1091/1628/925 1098/1638/935
f 1153/1700/990 1145/1679/971 1146/1676/968
f 1094/1642/939 1086/1685/977 1087/1614/913
f 1162/1630/927 1163/1623/912 1095/1626/923
f 1116/1649/945 1122/1669/962 1115/1653/949
f 1142/1689/981 1148/1698/988 1141/1692/984
f 1015/1553/858 1080/1701/851 1008/1530/836
f 1130/1668/961 1156/1684/976 1129/1672/964
f 1171/1702/991 1205/1703/992 1173/1704/993
f 1218/1705/994 1167/1706/995 1169/1707/996
f 1177/1708/997 1198/1709/997 1209/1710/997
f 1175/1711/991 1210/1712/992 1178/1713/992
f 1180/1714/998 1209/1710/997 1212/1715/992
f 1179/1716/997 1198/1709/997 1165/1717/992
f 1176/1718/993 1211/1719/997 1179/1716/997
f 1196/1720/999 1198/1721/1000 1211/1722/1001
f 1174/1723/1002 1208/1724/992 1176/1718/993
f 1173/1704/993 1207/1725/991 1175/1711/991
f 1168/1726/1003 1223/1727/1004 1166/1728/1005
f 1217/1729/1006 1180/1730/1007 1167/1706/995
f 1165/1731/1008 1229/1732/1009 1179/1733/1010
f 1166/1728/1005 1222/1734/1011 1178/1735/1012
f 1216/1736/1013 1177/1737/1014 1180/1730/1007
f 1179/1733/1010 1228/1738/1015 1176/1739/1016
f 1222/1734/1011 1175/1740/1017 1178/1735/1012
f 1176/1739/1016 1227/1741/1018 1174/1742/1019
f 1221/1743/1020 1173/1744/1021 1175/1740/1017
f 1174/1742/1019 1226/1745/1022 1172/1746/1023
f 1220/1747/1024 1171/1748/1025 1173/1744/1021
f 1172/1746/1023 1225/1749/1026 1170/1750/1027
f 1219/1751/1028 1169/1707/996 1171/1748/1025
f 1183/1752/1029 1199/1753/1030 1212/1754/1029
f 1201/1755/1031 1184/1756/1030 1185/1757/1032
f 1200/1758/1033 1190/1759/1034 1191/1760/1033
f 1202/1761/1035 1191/1762/1033 1192/1763/1036
f 1201/1755/1031 1186/1764/1037 1203/1765/1038
f 1204/1766/1039 1192/1763/1036 1193/1767/1040
f 1203/1765/1038 1187/1768/1041 1205/1769/1041
f 1204/1766/1039 1194/1770/1042 1206/1771/1042
f 1205/1769/1041 1188/1772/1043 1207/1773/1043
f 1208/1774/1044 1194/1770/1042 1195/1775/1045
f 1198/1721/1000 1182/1776/1046 1209/1777/1047
f 1210/1778/1048 1188/1772/1043 1189/1779/1048
f 1211/1722/1001 1195/1775/1045 1196/1720/999
f 1209/1777/1047 1183/1752/1029 1212/1754/1029
f 1210/1778/1048 1190/1759/1034 1197/1780/1034
f 1172/1781/992 1206/1782/1049 1174/1723/1002
f 1172/1781/992 1202/1783/1050 1204/1784/992
f 1169/1785/992 1203/1786/991 1171/1702/991
f 1170/1787/1050 1200/1788/992 1202/1783/1050
f 1169/1785/992 1199/1789/1051 1201/1790/992
f 1167/1791/1052 1212/1715/992 1199/1789/1051
f 1166/1792/1050 1210/1712/992 1197/1793/1050
f 1168/1794/998 1197/1793/1050 1200/1795/992
f 1213/1796/1053 1190/1797/1054 1189/1798/1055
f 1213/1796/1053 1181/1799/1056 1196/1800/1057
f 1213/1796/1053 1192/1801/1058 1191/1802/1059
f 1213/1796/1053 1193/1803/1060 1192/1801/1058
f 1213/1796/1053 1194/1804/1061 1193/1803/1060
f 1213/1796/1053 1195/1805/1062 1194/1804/1061
f 1213/1796/1053 1196/1800/1057 1195/1805/1062
f 1213/1796/1053 1191/1806/1059 1190/1797/1054
f 1213/1796/1053 1182/1807/1063 1181/1799/1056
f 1213/1796/1053 1183/1808/1064 1182/1807/1063
f 1213/1796/1053 1184/1809/1065 1183/1808/1064
f 1213/1796/1053 1185/1810/1066 1184/1809/1065
f 1213/1796/1053 1186/1811/1067 1185/1810/1066
f 1213/1796/1053 1187/1812/1068 1186/1811/1067
f 1213/1796/1053 1188/1813/1069 1187/1812/1068
f 1213/1796/1053 1189/1798/1055 1188/1813/1069
f 1170/1750/1027 1224/1814/1070 1168/1815/1003
f 1215/1816/1071 1165/1731/1008 1177/1737/1014
f 1298/1817/135 1282/1818/1072 1299/1819/137
f 1253/1820/1073 1282/1818/1072 1281/1821/1074
f 1305/1822/136 1289/1823/1075 1306/1824/138
f 1299/1819/137 1283/1825/1076 1300/1826/139
f 1306/1824/138 1290/1827/1077 1307/1828/140
f 1300/1826/139 1284/1829/1078 1301/1830/1079
f 1307/1828/140 1291/1831/1080 1308/1832/142
f 1301/1830/1079 1285/1833/1081 1302/1834/128
f 1308/1832/142 1292/1835/1082 1309/1836/1083
f 1302/1834/128 1286/1837/1084 1303/1838/132
f 1309/1836/1083 1293/1839/1085 1295/1840/207
f 1303/1838/132 1287/1841/1086 1304/1842/134
f 1280/1843/1087 1298/1817/135 1297/1844/244
f 1287/1841/1086 1305/1822/136 1304/1842/134
f 1248/1845/1088 1232/1846/1089 1250/1847/1090
f 1278/1848/1091 1277/1849/1092 1247/1850/1093
f 1249/1851/1094 1280/1852/1087 1279/1853/1095
f 1251/1854/1096 1281/1821/1074 1280/1843/1087
f 1254/1855/1097 1235/1856/1098 1256/1857/1099
f 1257/1858/1100 1282/1818/1072 1255/1859/1101
f 1259/1860/1102 1283/1825/1076 1257/1858/1100
f 1261/1861/1103 1284/1829/1078 1259/1860/1102
f 1263/1862/1104 1285/1833/1081 1261/1861/1103
f 1265/1863/1105 1286/1837/1084 1263/1862/1104
f 1267/1864/1106 1287/1841/1086 1265/1863/1105
f 1288/1865/1107 1269/1866/1108 1289/1823/1075
f 1271/1867/1109 1289/1823/1075 1269/1866/1108
f 1271/1867/1109 1291/1831/1080 1290/1827/1077
f 1273/1868/1110 1292/1835/1082 1291/1831/1080
f 1275/1869/1111 1293/1839/1085 1292/1835/1082
f 1239/1870/1112 1235/1871/1098 1231/1872/1113
f 1270/1873/1114 1241/1874/1115 1242/1875/1116
f 1256/1857/1099 1236/1876/1117 1258/1877/1118
f 1270/1873/1114 1243/1878/1119 1272/1879/1120
f 1260/1880/1121 1236/1876/1117 1237/1881/1122
f 1272/1879/1120 1244/1882/1123 1274/1883/1124
f 1260/1880/1121 1238/1884/1125 1262/1885/1126
f 1276/1886/1127 1244/1882/1123 1245/1887/1128
f 1262/1885/1126 1239/1888/1112 1264/1889/1129
f 1252/1890/1130 1232/1891/1089 1233/1892/1131
f 1247/1850/1093 1279/1853/1095 1278/1848/1091
f 1264/1889/1129 1240/1893/1132 1266/1894/1133
f 1246/1895/1134 1231/1896/1113 1248/1845/1088
f 1252/1890/1130 1234/1897/1135 1254/1855/1097
f 1268/1898/1136 1240/1893/1132 1241/1874/1115
f 1250/1847/1090 1249/1851/1094 1248/1845/1088
f 1252/1890/1130 1251/1854/1096 1250/1899/1090
f 1254/1855/1097 1253/1820/1073 1252/1890/1130
f 1254/1855/1097 1257/1858/1100 1255/1859/1101
f 1256/1857/1099 1259/1860/1102 1257/1858/1100
f 1258/1877/1118 1261/1861/1103 1259/1860/1102
f 1260/1880/1121 1263/1862/1104 1261/1861/1103
f 1262/1885/1126 1265/1863/1105 1263/1862/1104
f 1264/1889/1129 1267/1864/1106 1265/1863/1105
f 1266/1894/1133 1269/1866/1108 1267/1864/1106
f 1268/1898/1136 1271/1867/1109 1269/1866/1108
f 1272/1879/1120 1271/1867/1109 1270/1873/1114
f 1274/1883/1124 1273/1868/1110 1272/1879/1120
f 1276/1886/1127 1275/1869/1111 1274/1883/1124
f 1276/1886/1127 1230/1900/1137 1246/1895/1134
f 1248/1845/1088 1247/1850/1093 1246/1895/1134
f 1295/1840/207 1278/1848/1091 1294/1901/129
f 1294/1901/129 1279/1853/1095 1296/1902/131
f 1296/1902/131 1280/1852/1087 1297/1903/244
f 1246/1895/1134 1277/1849/1092 1276/1886/1127
f 1314/1904/160 1368/1905/1138 1315/1906/161
f 1324/1907/166 1310/1908/166 1318/1909/166
f 1359/1910/1139 1360/1911/1140 1358/1912/1141
f 1342/1913/1142 1435/1914/1143 1357/1915/1144
f 1321/1916/147 1382/1917/1145 1322/1918/146
f 1315/1906/161 1370/1919/1146 1316/1920/152
f 1322/1918/146 1384/1921/1147 1323/1922/164
f 1316/1920/152 1372/1923/1148 1317/1924/157
f 1323/1922/164 1386/1925/1149 1324/1926/163
f 1317/1924/157 1374/1927/1150 1318/1928/162
f 1324/1926/163 1388/1929/1151 1325/1930/156
f 1311/1931/145 1362/1932/1152 1312/1933/144
f 1318/1928/162 1376/1934/1153 1319/1935/158
f 1326/1936/1154 1389/1937/1155 1341/1938/1156
f 1325/1930/156 1358/1912/1141 1310/1939/155
f 1312/1933/144 1364/1940/1157 1313/1941/153
f 1319/1935/158 1378/1942/1158 1320/1943/159
f 1313/1944/153 1366/1945/1159 1314/1904/160
f 1320/1943/159 1380/1946/1160 1321/1916/147
f 1328/1947/1161 1365/1948/1162 1363/1949/1163
f 1330/1950/1164 1365/1951/1162 1329/1952/1165
f 1330/1950/1164 1369/1953/1166 1367/1954/1167
f 1332/1955/1168 1369/1953/1166 1331/1956/1169
f 1332/1955/1168 1373/1957/1170 1371/1958/1171
f 1334/1959/1172 1373/1957/1170 1333/1960/1173
f 1334/1959/1172 1377/1961/1174 1375/1962/1175
f 1336/1963/1176 1377/1961/1174 1335/1964/1177
f 1336/1963/1176 1381/1965/1178 1379/1966/1179
f 1338/1967/1180 1381/1965/1178 1337/1968/1181
f 1338/1967/1180 1385/1969/1182 1383/1970/1183
f 1340/1971/1184 1385/1969/1182 1339/1972/1185
f 1340/1971/1184 1389/1937/1155 1387/1973/1186
f 1392/1974/1187 1394/1975/1188 1390/1976/1189
f 1328/1947/1161 1361/1977/1190 1327/1978/1191
f 1341/1979/156 1390/1976/1189 1326/1980/155
f 1310/1939/155 1360/1911/1140 1311/1931/145
f 1363/1949/1163 1360/1911/1140 1361/1977/1190
f 1365/1948/1162 1362/1932/1152 1363/1949/1163
f 1367/1954/1167 1364/1981/1157 1365/1951/1162
f 1369/1953/1166 1366/1945/1159 1367/1954/1167
f 1371/1958/1171 1368/1905/1138 1369/1953/1166
f 1373/1957/1170 1370/1919/1146 1371/1958/1171
f 1375/1962/1175 1372/1923/1148 1373/1957/1170
f 1377/1961/1174 1374/1927/1150 1375/1962/1175
f 1379/1966/1179 1376/1934/1153 1377/1961/1174
f 1381/1965/1178 1378/1942/1158 1379/1966/1179
f 1383/1970/1183 1380/1946/1160 1381/1965/1178
f 1385/1969/1182 1382/1917/1145 1383/1970/1183
f 1387/1973/1186 1384/1921/1147 1385/1969/1182
f 1389/1937/1155 1386/1925/1149 1387/1973/1186
f 1359/1910/1139 1388/1929/1151 1389/1937/1155
f 1326/1936/1154 1361/1977/1190 1359/1910/1139
f 1328/1982/144 1400/1983/1192 1329/1984/153
f 1329/1985/153 1403/1986/1193 1330/1987/160
f 1330/1987/160 1406/1988/1194 1331/1989/161
f 1331/1989/161 1409/1990/1195 1332/1991/152
f 1332/1991/152 1412/1992/1196 1333/1993/157
f 1333/1993/157 1415/1994/1197 1334/1995/162
f 1334/1995/162 1418/1996/1198 1335/1997/158
f 1335/1997/158 1421/1998/1199 1336/1999/159
f 1336/1999/159 1424/2000/1200 1337/2001/147
f 1337/2001/147 1427/2002/1201 1338/2003/146
f 1338/2003/146 1430/2004/1202 1339/2005/164
f 1339/2005/164 1433/2006/1203 1340/2007/163
f 1340/2007/163 1436/2008/1204 1341/1979/156
f 1393/2009/1205 1342/1913/1142 1343/2010/1206
f 1327/2011/145 1397/2012/1207 1328/1982/144
f 1393/2009/1205 1392/1974/1187 1391/2013/1208
f 1398/2014/1209 1394/1975/1188 1395/2015/1210
f 1396/2016/1211 1395/2015/1210 1393/2009/1205
f 1398/2014/1209 1400/1983/1192 1397/2012/1207
f 1396/2016/1211 1401/2017/1212 1398/2014/1209
f 1404/2018/1213 1400/2019/1192 1401/2020/1212
f 1402/2021/1214 1401/2020/1212 1399/2022/1215
f 1407/2023/1216 1403/1986/1193 1404/2018/1213
f 1405/2024/1217 1404/2018/1213 1402/2021/1214
f 1410/2025/1218 1406/1988/1194 1407/2023/1216
f 1408/2026/1219 1407/2023/1216 1405/2024/1217
f 1410/2025/1218 1412/1992/1196 1409/1990/1195
f 1408/2026/1219 1413/2027/1220 1410/2025/1218
f 1416/2028/1221 1412/1992/1196 1413/2027/1220
f 1414/2029/1222 1413/2027/1220 1411/2030/1223
f 1419/2031/1224 1415/1994/1197 1416/2028/1221
f 1417/2032/1225 1416/2028/1221 1414/2029/1222
f 1422/2033/1226 1418/1996/1198 1419/2031/1224
f 1420/2034/1227 1419/2031/1224 1417/2032/1225
f 1422/2033/1226 1424/2000/1200 1421/1998/1199
f 1420/2034/1227 1425/2035/1228 1422/2033/1226
f 1428/2036/1229 1424/2000/1200 1425/2035/1228
f 1426/2037/1230 1425/2035/1228 1423/2038/1231
f 1431/2039/1232 1427/2002/1201 1428/2036/1229
f 1429/2040/1233 1428/2036/1229 1426/2037/1230
f 1434/2041/1234 1430/2004/1202 1431/2039/1232
f 1432/2042/1235 1431/2039/1232 1429/2040/1233
f 1434/2041/1234 1436/2008/1204 1433/2006/1203
f 1432/2042/1235 1437/2043/1236 1434/2041/1234
f 1392/1974/1187 1436/2008/1204 1437/2043/1236
f 1391/2013/1208 1437/2043/1236 1435/1914/1143
f 1326/1980/155 1394/1975/1188 1327/2011/145
f 1345/2044/1237 1396/2016/1211 1344/2045/1238
f 1346/2046/1239 1399/2022/1215 1345/2047/1237
f 1405/2024/1217 1346/2046/1239 1347/2048/1240
f 1408/2026/1219 1347/2048/1240 1348/2049/1241
f 1349/2050/1242 1408/2026/1219 1348/2049/1241
f 1420/2034/1227 1351/2051/1243 1352/2052/1244
f 1350/2053/1245 1417/2032/1225 1414/2029/1222
f 1353/2054/1246 1420/2034/1227 1352/2052/1244
f 1354/2055/1247 1423/2038/1231 1353/2054/1246
f 1429/2040/1233 1354/2055/1247 1355/2056/1248
f 1432/2042/1235 1355/2056/1248 1356/2057/1249
f 1357/1915/1144 1432/2042/1235 1356/2057/1249
f 1350/2053/1245 1411/2030/1223 1349/2050/1242
f 1396/2016/1211 1343/2010/1206 1344/2045/1238
f 1450/2058/1250 1443/2059/1251 1449/2060/1252
f 1451/2061/1253 1444/2062/1254 1450/2058/1250
f 1447/2063/1255 1442/2064/1256 1441/2065/1257
f 1453/2066/1258 1440/2067/1259 1452/2068/1260
f 1446/2069/1261 1441/2065/1257 1439/2070/1262
f 1448/2071/1263 1443/2059/1251 1442/2072/1256
f 1452/2068/1260 1445/2073/1264 1451/2061/1253
f 1439/2070/1262 1453/2066/1258 1446/2069/1261
f 1352/2074/1244 1348/2075/1241 1344/2076/1238
f 1470/2077/1265 1486/2078/165 1485/2079/1266
f 1455/2080/1267 1472/2081/1268 1471/2082/1269
f 1472/2081/1268 1457/2083/1270 1473/2084/1271
f 1457/2083/1270 1474/2085/1272 1473/2084/1271
f 1458/2086/1273 1475/2087/1274 1474/2085/1272
f 1459/2088/1275 1476/2089/1276 1475/2087/1274
f 1476/2089/1276 1461/2090/1277 1477/2091/1278
f 1461/2090/1277 1478/2092/1279 1477/2091/1278
f 1478/2092/1279 1463/2093/1280 1479/2094/1281
f 1463/2093/1280 1480/2095/1282 1479/2094/1281
f 1480/2095/1282 1465/2096/1283 1481/2097/1284
f 1465/2096/1283 1482/2098/1285 1481/2097/1284
f 1482/2098/1285 1467/2099/1286 1483/2100/1287
f 1467/2099/1286 1484/2101/1288 1483/2100/1287
f 1484/2101/1288 1469/2102/1289 1485/2103/1266
f 1469/2104/1289 1470/2077/1265 1485/2079/1266
f 1503/2105/1290 1519/2106/166 1504/2107/1291
f 1486/2078/165 1478/2092/1279 1479/2094/1281
f 1472/2081/1268 1473/2084/1271 1486/2078/165
f 1480/2095/1282 1486/2078/165 1479/2094/1281
f 1473/2084/1271 1474/2085/1272 1486/2078/165
f 1481/2097/1284 1486/2078/165 1480/2095/1282
f 1474/2085/1272 1475/2087/1274 1486/2078/165
f 1482/2098/1285 1486/2078/165 1481/2097/1284
f 1475/2087/1274 1476/2089/1276 1486/2078/165
f 1483/2100/1287 1486/2078/165 1482/2098/1285
f 1476/2089/1276 1477/2091/1278 1486/2078/165
f 1484/2101/1288 1486/2078/165 1483/2100/1287
f 1470/2077/1265 1471/2082/1269 1486/2078/165
f 1485/2103/1266 1486/2078/165 1484/2101/1288
f 1486/2078/165 1477/2091/1278 1478/2092/1279
f 1503/2105/1290 1518/2108/1292 1519/2106/166
f 1519/2106/166 1508/2109/1293 1507/2110/1294
f 1505/2111/1295 1488/2112/1296 1504/2107/1291
f 1490/2113/1297 1505/2111/1295 1506/2114/1298
f 1491/2115/1299 1506/2114/1298 1507/2110/1294
f 1492/2116/1300 1507/2110/1294 1508/2109/1293
f 1509/2117/1301 1492/2116/1300 1508/2109/1293
f 1494/2118/1302 1509/2117/1301 1510/2119/1303
f 1495/2120/1304 1510/2119/1303 1511/2121/1305
f 1496/2122/1306 1511/2121/1305 1512/2123/1307
f 1513/2124/1308 1496/2122/1306 1512/2123/1307
f 1498/2125/1309 1513/2124/1308 1514/2126/1310
f 1499/2127/1311 1514/2126/1310 1515/2128/1312
f 1500/2129/1313 1515/2128/1312 1516/2130/1314
f 1517/2131/1315 1500/2129/1313 1516/2130/1314
f 1502/2132/1316 1517/2131/1315 1518/2133/1292
f 1502/2134/1316 1503/2105/1290 1487/2135/1317
f 1469/2136/1318 1487/2137/1319 1454/2138/1320
f 1512/2123/1307 1519/2106/166 1513/2124/1308
f 1519/2106/166 1506/2114/1298 1505/2111/1295
f 1519/2106/166 1507/2110/1294 1506/2114/1298
f 1514/2126/1310 1513/2124/1308 1519/2106/166
f 1515/2128/1312 1514/2126/1310 1519/2106/166
f 1519/2106/166 1509/2117/1301 1508/2109/1293
f 1516/2130/1314 1515/2128/1312 1519/2106/166
f 1519/2106/166 1510/2119/1303 1509/2117/1301
f 1517/2131/1315 1516/2130/1314 1519/2106/166
f 1518/2133/1292 1517/2131/1315 1519/2106/166
f 1519/2106/166 1511/2121/1305 1510/2119/1303
f 1519/2106/166 1512/2123/1307 1511/2121/1305
f 1519/2106/166 1505/2111/1295 1504/2107/1291
f 1455/2139/1321 1487/2137/1319 1488/2140/1322
f 1456/2141/1323 1488/2140/1322 1489/2142/1323
f 1456/2141/1323 1490/2143/1324 1457/2144/1324
f 1457/2144/1324 1491/2145/1325 1458/2146/1325
f 1458/2146/1325 1492/2147/1326 1459/2148/1327
f 1459/2148/1327 1493/2149/1328 1460/2150/1329
f 1460/2150/1329 1494/2151/1330 1461/2152/1331
f 1461/2152/1331 1495/2153/1332 1462/2154/1333
f 1463/2155/1334 1495/2153/1332 1496/2156/1335
f 1463/2155/1334 1497/2157/1336 1464/2158/1337
f 1464/2158/1337 1498/2159/1338 1465/2160/1338
f 1465/2160/1338 1499/2161/1339 1466/2162/1339
f 1466/2162/1339 1500/2163/1340 1467/2164/1341
f 1467/2164/1341 1501/2165/1342 1468/2166/1343
f 1468/2166/1343 1502/2167/1344 1469/2168/1318
f 1471/2082/1269 1472/2081/1268 1486/2078/165
f 1470/2077/1265 1455/2080/1267 1471/2082/1269
f 1504/2107/1291 1487/2135/1317 1503/2105/1290
f 97/1/1 98/97/96 3/2/2
f 6/4/4 83/8/8 82/5/5
f 6/4/4 8/10/10 84/7/7
f 10/9/9 85/12/12 84/7/7
f 12/11/11 86/14/14 85/12/12
f 14/13/13 87/16/16 86/14/14
f 14/13/13 16/18/18 88/15/15
f 18/17/17 89/20/20 88/15/15
f 20/19/19 90/22/22 89/20/20
f 22/21/21 91/24/24 90/22/22
f 22/21/21 24/26/26 92/23/23
f 26/25/25 93/28/28 92/23/23
f 28/27/27 94/30/30 93/28/28
f 30/29/29 95/32/32 94/30/30
f 30/29/29 32/150/143 96/31/31
f 38/33/33 98/97/96 97/1/1
f 112/35/35 97/2169/1 1/36/3
f 81/38/37 33/100/39 78/39/38
f 33/40/39 81/101/37 82/5/5
f 79/42/41 80/45/44 77/43/42
f 80/45/44 112/35/35 111/46/45
f 95/32/32 96/31/31 78/39/38
f 76/44/43 77/43/42 74/48/47
f 77/43/42 111/46/45 110/50/49
f 94/30/30 95/32/32 75/47/46
f 73/49/48 74/48/47 71/52/51
f 74/48/47 110/50/49 109/54/53
f 69/55/54 93/28/28 94/30/30
f 70/53/52 71/52/51 68/56/55
f 71/52/51 109/54/53 108/58/57
f 92/23/23 93/28/28 69/55/54
f 67/57/56 68/56/55 65/60/59
f 68/56/55 108/58/57 107/62/61
f 91/24/24 92/23/23 66/59/58
f 64/61/60 65/60/59 62/64/63
f 65/60/59 107/62/61 106/66/65
f 90/22/22 91/24/24 63/63/62
f 61/65/64 62/64/63 59/68/67
f 62/64/63 106/66/65 105/70/69
f 57/71/70 89/20/20 90/22/22
f 58/69/68 59/68/67 56/72/71
f 59/68/67 105/70/69 104/74/73
f 88/15/15 89/20/20 57/71/70
f 55/73/72 56/72/71 53/76/75
f 56/72/71 104/74/73 103/78/77
f 87/16/16 88/15/15 54/75/74
f 52/77/76 53/76/75 50/80/79
f 53/76/75 103/78/77 102/82/81
f 86/14/14 87/16/16 51/79/78
f 49/81/80 50/80/79 47/84/83
f 50/80/79 102/82/81 101/86/85
f 45/87/86 85/12/12 86/14/14
f 46/85/84 47/84/83 44/88/87
f 47/84/83 101/86/85 100/90/89
f 84/7/7 85/12/12 45/87/86
f 43/89/88 44/88/87 41/92/91
f 44/88/87 100/90/89 99/94/93
f 83/8/8 84/7/7 42/91/90
f 40/93/92 41/92/91 38/33/33
f 41/92/91 99/94/93 98/97/96
f 82/5/5 83/8/8 39/95/94
f 37/96/95 38/33/33 35/34/34
f 34/99/97 35/117/34 80/45/44
f 33/100/39 34/99/97 79/42/41
f 4/6/6 82/5/5 81/101/37
f 76/44/43 75/47/46 78/39/38
f 72/51/50 75/47/46 76/44/43
f 69/55/54 72/51/50 73/49/48
f 66/59/58 69/55/54 70/53/52
f 64/61/60 63/63/62 66/59/58
f 60/67/66 63/63/62 64/61/60
f 57/71/70 60/67/66 61/65/64
f 54/75/74 57/71/70 58/69/68
f 52/77/76 51/79/78 54/75/74
f 48/83/82 51/79/78 52/77/76
f 45/87/86 48/83/82 49/81/80
f 43/89/88 42/91/90 45/87/86
f 40/93/92 39/95/94 42/91/90
f 36/41/40 39/95/94 40/93/92
f 33/40/39 36/41/40 37/96/95
f 5/103/99 115/126/121 114/104/100
f 99/94/93 5/103/99 3/2/2
f 100/90/89 7/105/101 5/103/99
f 101/86/85 9/106/102 7/105/101
f 102/82/81 11/107/103 9/106/102
f 103/78/77 13/108/104 11/107/103
f 104/74/73 15/109/105 13/108/104
f 105/70/69 17/111/107 15/109/105
f 105/70/69 106/66/65 19/110/106
f 106/66/65 107/62/61 21/112/108
f 107/62/61 108/58/57 23/113/109
f 109/54/53 25/115/111 23/113/109
f 109/54/53 110/50/49 27/114/110
f 110/50/49 111/46/45 29/116/112
f 112/35/35 31/37/36 29/116/112
f 35/117/34 97/2169/1 112/35/35
f 15/109/105 120/129/124 119/118/113
f 23/113/109 124/127/122 123/119/114
f 1/36/3 113/139/123 128/120/115
f 9/106/102 11/107/103 118/121/116
f 17/111/107 19/110/106 122/123/118
f 29/116/112 127/130/125 126/125/120
f 7/105/101 116/131/126 115/126/121
f 25/115/111 125/132/127 124/127/122
f 1/3/3 3/2/2 114/104/100
f 19/110/106 21/112/108 123/119/114
f 15/109/105 17/111/107 121/124/119
f 11/107/103 13/108/104 119/118/113
f 31/37/36 128/120/115 127/130/125
f 9/106/102 117/122/117 116/131/126
f 25/115/111 27/114/110 126/125/120
f 121/124/119 137/137/132 136/133/128
f 114/104/100 130/136/131 129/134/129
f 128/120/115 144/2170/207 143/135/130
f 115/126/121 131/140/133 130/136/131
f 122/123/118 138/141/134 137/137/132
f 129/138/129 144/2170/207 128/120/115
f 116/131/126 132/142/135 131/140/133
f 123/119/114 139/143/136 138/141/134
f 117/122/117 133/144/137 132/142/135
f 124/127/122 140/145/138 139/143/136
f 118/121/116 134/146/139 133/144/137
f 125/132/127 141/147/140 140/145/138
f 119/118/113 135/148/141 134/146/139
f 126/125/120 142/149/142 141/147/140
f 120/129/124 136/133/128 135/148/141
f 127/130/125 143/135/130 142/149/142
f 32/150/143 2/2171/98 81/38/37
f 207/151/144 208/170/145 239/152/145
f 197/154/146 198/292/147 230/155/147
f 205/157/148 206/163/153 237/158/149
f 204/160/151 236/164/154 235/161/152
f 206/163/153 207/151/144 238/153/144
f 204/160/151 205/157/148 244/159/150
f 193/165/155 194/286/156 226/166/156
f 202/168/157 203/162/152 235/161/152
f 225/167/155 239/152/145 208/170/145
f 200/171/158 232/288/158 231/172/159
f 157/174/160 189/181/160 188/175/161
f 151/177/159 183/183/159 182/178/147
f 158/180/153 190/185/153 189/181/160
f 152/182/158 184/190/158 183/183/159
f 159/184/144 191/192/144 190/185/153
f 146/186/156 178/194/156 177/187/155
f 153/189/162 185/196/162 184/190/158
f 160/191/145 192/197/145 191/192/144
f 147/193/163 179/199/163 178/194/156
f 154/195/157 186/201/157 185/196/162
f 145/188/155 177/187/155 192/197/145
f 148/198/164 180/2172/164 179/199/163
f 155/200/152 187/205/152 186/201/157
f 149/202/146 181/293/146 180/203/164
f 156/176/161 188/175/161 187/205/152
f 170/206/157 218/228/157 217/207/162
f 161/209/165 176/216/165 192/210/165
f 150/212/166 149/2173/166 240/213/166
f 175/215/165 191/319/165 192/210/165
f 176/217/145 224/224/145 223/218/144
f 163/220/163 211/226/163 210/221/156
f 161/223/155 209/245/155 224/224/145
f 164/225/164 212/230/164 211/226/163
f 171/227/152 219/232/152 218/228/157
f 165/229/146 213/234/146 212/230/164
f 172/231/161 220/236/161 219/232/152
f 166/233/167 214/238/147 213/234/146
f 173/235/160 221/240/160 220/236/161
f 166/233/167 167/242/170 215/237/168
f 174/239/153 222/243/153 221/240/160
f 168/241/169 216/246/158 215/237/168
f 175/219/144 223/218/144 222/243/153
f 162/244/156 210/2174/156 209/245/155
f 169/208/162 217/207/162 216/246/158
f 193/247/171 209/279/171 210/248/172
f 194/250/172 210/2175/172 211/251/173
f 196/253/174 195/252/173 211/251/173
f 197/255/175 196/253/174 212/254/174
f 197/255/175 213/256/175 214/257/176
f 198/258/176 214/257/176 215/259/177
f 200/261/178 199/260/177 215/259/177
f 201/263/179 200/261/178 216/262/178
f 201/263/179 217/264/179 218/265/180
f 202/266/181 218/265/180 219/267/182
f 204/269/183 203/268/182 219/267/182
f 205/271/185 204/269/183 220/270/184
f 205/271/185 221/272/185 222/273/186
f 206/274/187 222/273/186 223/275/188
f 207/276/188 223/275/188 224/277/189
f 193/247/171 208/278/189 224/277/189
f 196/280/164 197/154/146 229/156/146
f 239/282/165 225/2176/165 244/283/165
f 225/2176/165 226/2177/165 244/283/165
f 226/2177/165 227/2178/165 244/283/165
f 227/2178/165 228/2179/165 244/283/165
f 228/2179/165 229/2180/165 244/283/165
f 229/2180/165 230/2181/165 244/283/165
f 230/2181/165 231/2182/165 244/283/165
f 231/2182/165 232/2183/165 244/283/165
f 232/2183/165 233/2184/165 244/283/165
f 233/2184/165 234/2185/165 244/283/165
f 234/2185/165 235/2186/165 244/283/165
f 235/2186/165 236/2187/165 244/283/165
f 244/283/165 237/2188/165 238/284/165
f 234/169/157 233/2189/162 201/285/162
f 194/286/156 195/291/163 227/287/163
f 232/288/158 200/171/158 201/289/162
f 196/280/164 228/281/164 227/287/163
f 231/172/159 230/155/147 198/292/147
f 150/179/147 182/178/147 181/293/146
f 161/209/165 177/211/165 178/294/165
f 163/296/165 162/295/165 178/294/165
f 164/298/165 163/296/165 179/297/165
f 165/300/165 164/298/165 180/299/165
f 182/302/165 166/304/191 165/300/165
f 183/303/190 167/2190/1345 166/304/191
f 168/305/192 167/2190/1345 183/303/190
f 169/307/165 185/310/165 186/308/165
f 169/307/165 168/305/192 184/306/165
f 171/311/165 170/309/165 186/308/165
f 171/311/165 187/312/165 188/313/165
f 172/314/165 188/313/165 189/315/165
f 174/317/165 173/316/165 189/315/165
f 175/215/165 174/317/165 190/318/165
f 152/320/166 243/346/166 245/321/166
f 246/323/166 154/2191/166 153/322/166
f 155/324/166 154/2191/166 246/323/166
f 156/326/166 155/324/166 247/325/166
f 249/328/166 157/330/166 156/326/166
f 250/329/166 158/332/166 157/330/166
f 251/331/166 159/334/166 158/332/166
f 252/333/166 160/336/166 159/334/166
f 253/335/166 145/2192/166 160/336/166
f 146/337/166 145/2192/166 253/335/166
f 147/339/166 146/337/166 254/338/166
f 256/341/166 148/342/166 147/339/166
f 240/213/166 149/2173/166 148/342/166
f 151/343/166 150/212/166 241/214/166
f 151/345/166 242/2193/166 243/346/166
f 273/347/162 322/357/162 323/348/132
f 355/351/193 259/398/212 260/359/199
f 260/359/199 292/352/194 355/351/193
f 292/352/194 291/2194/245 359/350/193
f 318/355/197 286/400/213 351/361/195
f 286/400/213 287/362/200 351/361/195
f 351/361/195 360/353/195 318/355/197
f 273/347/162 274/363/128 325/356/128
f 261/358/198 293/366/202 292/352/194
f 288/360/129 352/368/129 351/361/195
f 274/363/128 275/2195/1346 324/364/201
f 262/365/142 294/745/246 293/366/202
f 257/367/155 353/392/155 352/368/129
f 412/369/199 413/517/163 381/370/163
f 265/372/146 349/376/146 348/373/203
f 266/375/138 350/381/138 349/376/146
f 280/377/137 339/383/137 340/378/204
f 266/375/138 267/2196/147 341/380/205
f 281/382/160 338/385/160 339/383/137
f 282/384/135 337/387/135 338/385/160
f 283/386/153 331/711/235 337/387/135
f 428/388/206 324/2197/206 326/389/206
f 258/391/207 354/399/207 353/392/155
f 285/393/208 317/401/214 316/394/209
f 272/349/132 323/348/132 321/396/210
f 259/398/212 355/351/193 354/399/207
f 286/400/213 318/355/197 317/401/214
f 357/402/155 290/406/216 320/403/215
f 358/405/207 289/429/226 290/406/216
f 327/407/128 306/421/223 305/408/217
f 336/410/204 335/426/137 312/411/218
f 330/413/132 304/416/221 303/414/220
f 328/409/162 305/408/217 304/416/221
f 344/417/146 297/430/227 296/418/222
f 326/420/201 307/2198/251 306/421/223
f 356/404/129 320/403/215 319/354/196
f 346/422/205 299/2199/247 298/423/224
f 333/425/160 313/428/225 312/411/218
f 332/427/135 314/751/255 313/428/225
f 359/350/193 291/2194/245 289/429/226
f 345/424/138 298/423/224 297/430/227
f 427/431/129 426/440/155 377/432/155
f 364/443/141 363/484/157 459/434/228
f 463/435/228 395/2200/157 396/436/229
f 364/443/141 459/434/228 396/436/229
f 391/444/158 390/486/134 455/439/230
f 390/486/134 422/437/134 455/439/230
f 422/437/134 423/2201/158 464/438/230
f 426/440/155 429/2202/207 378/441/207
f 396/436/229 397/449/152 365/442/152
f 391/444/158 455/439/230 456/445/132
f 378/441/207 429/2202/207 428/447/231
f 397/449/152 398/452/139 366/450/139
f 456/445/132 457/477/162 361/451/162
f 398/452/139 399/2203/161 446/746/281
f 446/746/281 447/453/204 398/452/139
f 447/453/204 367/710/161 366/450/139
f 452/454/232 453/460/160 369/455/160
f 383/464/164 382/2204/233 444/462/234
f 382/2204/233 414/457/233 444/462/234
f 444/462/234 414/457/233 440/459/234
f 453/460/160 454/2205/135 370/461/135
f 444/462/234 443/467/140 384/463/140
f 370/461/135 454/2205/135 445/465/235
f 443/467/140 442/469/146 385/468/146
f 442/469/146 441/749/283 386/470/138
f 405/471/144 406/474/131 374/472/131
f 375/482/145 374/472/131 425/476/236
f 374/472/131 406/474/131 425/476/236
f 406/474/131 407/2206/145 433/475/236
f 457/477/162 458/483/128 362/478/128
f 420/479/237 421/485/159 389/480/159
f 375/482/145 425/476/236 427/431/129
f 458/483/128 459/434/228 363/484/157
f 421/485/159 422/437/134 390/486/134
f 424/487/132 394/490/162 461/488/162
f 394/490/162 393/515/128 462/491/128
f 277/492/239 309/760/252 308/493/240
f 409/495/155 410/505/207 431/496/207
f 440/459/234 415/458/164 416/498/140
f 433/475/236 407/2206/145 408/500/129
f 408/500/129 409/495/155 432/497/155
f 451/502/241 400/747/137 401/503/160
f 410/505/207 411/2207/156 430/506/231
f 464/438/230 423/2201/158 424/487/132
f 402/507/135 403/2208/153 450/508/235
f 439/499/140 416/498/140 417/510/146
f 342/512/234 347/419/140 296/418/222
f 417/510/146 418/2209/138 436/514/243
f 393/515/128 395/2200/157 463/435/228
f 401/503/160 402/507/135 449/509/135
f 445/465/235 450/508/235 404/2210/244
f 450/508/235 403/2208/153 404/2210/244
f 404/2210/244 372/516/244 445/465/235
f 414/457/233 382/2204/233 381/370/163
f 258/518/166 257/581/166 361/519/166
f 259/521/166 258/518/166 362/520/166
f 260/523/166 259/521/166 363/522/166
f 261/525/166 260/523/166 364/524/166
f 262/527/166 261/525/166 365/526/166
f 262/527/166 366/528/166 367/529/166
f 263/530/166 367/529/166 368/531/166
f 265/533/166 264/532/166 368/531/166
f 265/533/166 369/534/166 370/535/166
f 266/536/166 370/535/166 371/537/166
f 267/538/166 371/537/166 372/539/166
f 268/540/166 372/539/166 373/541/166
f 270/543/166 269/542/166 373/541/166
f 271/545/166 270/543/166 374/544/166
f 272/547/166 271/545/166 375/546/166
f 272/547/166 376/548/166 377/549/166
f 273/550/166 377/549/166 378/551/166
f 274/552/166 378/551/166 379/553/166
f 275/554/166 379/553/166 380/555/166
f 277/557/166 276/556/166 380/555/166
f 278/559/166 277/557/166 381/558/166
f 279/561/166 278/559/166 382/560/166
f 280/563/166 279/561/166 383/562/166
f 281/565/166 280/563/166 384/564/166
f 281/565/166 385/566/166 386/567/166
f 282/568/166 386/567/166 387/569/166
f 283/570/166 387/569/166 388/571/166
f 285/573/166 284/572/166 388/571/166
f 285/573/166 389/574/166 390/575/166
f 287/577/166 286/576/166 390/575/166
f 288/579/166 287/577/166 391/578/166
f 257/581/166 288/579/166 392/580/166
f 289/582/226 393/586/165 394/583/165
f 291/585/245 395/588/165 393/586/165
f 292/587/194 396/590/165 395/588/165
f 293/589/202 397/592/165 396/590/165
f 294/591/246 398/594/165 397/592/165
f 294/591/246 295/595/242 399/593/165
f 295/595/242 296/598/222 400/596/165
f 297/597/227 401/600/165 400/596/165
f 297/597/227 298/601/224 402/599/165
f 298/601/224 299/603/247 403/602/165
f 299/603/247 300/605/248 404/604/165
f 300/605/248 301/608/250 405/606/165
f 302/607/249 406/610/165 405/606/165
f 303/609/220 407/612/165 406/610/165
f 304/611/221 408/614/165 407/612/165
f 305/613/217 409/616/165 408/614/165
f 305/613/217 306/617/223 410/615/165
f 306/617/223 307/619/251 411/618/165
f 307/619/251 308/622/240 412/620/165
f 309/621/252 413/624/165 412/620/165
f 310/623/253 414/626/165 413/624/165
f 311/625/219 415/628/165 414/626/165
f 312/627/218 416/630/165 415/628/165
f 313/629/225 417/632/165 416/630/165
f 313/629/225 314/634/255 418/631/165
f 315/633/254 419/636/165 418/631/165
f 316/635/209 420/638/165 419/636/165
f 317/637/214 421/640/165 420/638/165
f 317/637/214 318/642/197 422/639/165
f 319/641/196 423/644/165 422/639/165
f 320/643/215 424/645/165 423/644/165
f 290/584/216 394/583/165 424/645/165
f 310/646/253 278/759/139 340/378/204
f 278/759/139 279/379/161 340/378/204
f 310/646/253 340/378/204 336/410/204
f 380/371/130 379/448/156 428/447/231
f 430/506/231 411/2207/156 412/369/199
f 380/371/130 428/447/231 412/369/199
f 322/647/165 325/654/165 429/648/165
f 322/647/165 426/649/165 427/650/165
f 323/651/165 427/650/165 425/652/165
f 325/654/165 324/2211/165 428/655/165
f 327/656/166 431/660/166 430/657/166
f 328/659/166 432/662/166 431/660/166
f 330/661/166 434/664/166 432/662/166
f 329/663/166 433/2212/166 434/664/166
f 270/665/256 302/670/249 301/666/250
f 372/516/244 404/2210/244 405/668/144
f 302/670/249 270/665/256 321/396/210
f 270/665/256 271/397/211 321/396/210
f 321/396/210 329/415/210 302/670/249
f 333/671/166 437/677/166 436/672/258
f 332/673/259 436/672/258 438/674/260
f 333/671/166 335/678/166 439/676/166
f 335/678/166 336/2213/166 440/679/166
f 337/680/262 331/2214/1347 435/681/263
f 338/683/165 337/680/165 441/682/165
f 338/683/165 442/684/165 443/685/165
f 339/686/165 443/685/165 444/687/165
f 345/689/166 449/693/166 450/690/166
f 344/692/166 448/697/166 449/693/166
f 342/694/265 446/2215/1348 451/695/266
f 344/692/166 347/696/267 451/695/266
f 343/698/268 348/702/272 452/699/269
f 349/701/271 453/706/273 452/699/269
f 350/703/165 341/2216/165 445/704/165
f 349/701/271 350/703/165 454/705/165
f 342/707/274 343/2217/274 447/708/274
f 452/454/232 368/456/137 367/710/161
f 316/394/209 315/2218/254 334/750/235
f 331/711/235 283/386/153 284/395/133
f 316/394/209 334/750/235 331/711/235
f 455/712/275 464/2219/275 360/713/275
f 352/715/165 456/719/165 455/716/165
f 353/718/165 457/721/165 456/719/165
f 354/720/165 458/723/165 457/721/165
f 355/722/165 459/2220/165 458/723/165
f 357/724/166 356/731/166 460/725/166
f 358/727/166 357/724/166 461/726/166
f 359/729/166 358/727/166 462/728/166
f 356/731/166 360/2221/166 464/732/166
f 359/733/276 463/2222/276 459/734/276
f 264/374/140 348/373/203 343/736/277
f 269/738/257 301/2223/250 300/739/248
f 388/481/238 387/2224/1349 435/748/282
f 435/748/282 438/741/278 388/481/238
f 438/741/278 419/752/284 420/479/237
f 346/742/279 450/2225/279 445/743/280
f 341/380/205 267/2196/147 268/740/136
f 268/740/136 300/739/248 341/380/205
f 300/739/248 299/2199/247 346/422/205
f 294/745/246 262/365/142 343/736/277
f 262/365/142 263/737/164 343/736/277
f 343/736/277 342/512/234 294/745/246
f 446/746/281 399/2203/161 400/747/137
f 435/748/282 387/2224/1349 386/470/138
f 334/750/235 315/2218/254 314/751/255
f 436/514/243 418/2209/138 419/752/284
f 331/753/285 334/2226/1350 438/754/286
f 336/756/288 340/2227/288 444/757/288
f 278/759/139 310/646/253 309/760/252
f 329/761/289 321/2228/289 425/762/289
f 324/364/201 275/2195/1346 276/494/229
f 276/494/229 308/493/240 324/364/201
f 308/493/240 307/2198/251 326/420/201
f 525/764/290 524/828/291 486/765/291
f 476/767/292 491/898/292 466/768/293
f 478/770/294 492/794/294 467/771/295
f 482/773/296 481/778/297 469/774/297
f 479/772/295 467/771/295 468/776/298
f 480/777/298 468/776/298 469/774/297
f 484/779/299 493/784/299 494/780/300
f 482/773/296 470/775/296 471/782/301
f 483/783/301 471/782/301 493/784/299
f 486/785/302 485/781/300 494/780/300
f 487/787/303 495/2229/303 496/788/304
f 486/785/302 472/786/302 495/790/303
f 488/789/304 496/788/304 473/792/305
f 477/769/293 466/768/293 492/794/294
f 490/795/306 489/793/305 473/792/305
f 490/795/306 474/796/306 465/797/307
f 518/799/308 517/802/309 479/800/309
f 517/802/309 516/826/310 478/803/310
f 519/804/311 518/799/308 480/801/308
f 526/806/312 525/2230/290 487/807/290
f 520/809/313 519/804/311 481/805/311
f 527/811/314 526/806/312 488/808/312
f 521/813/315 520/809/313 482/810/313
f 528/815/316 527/811/314 489/812/314
f 522/817/317 521/813/315 483/814/315
f 513/819/318 528/815/316 490/816/316
f 523/821/319 522/817/317 484/818/317
f 497/823/165 513/864/165 514/824/165
f 516/826/310 515/831/320 477/827/320
f 524/828/291 523/821/319 485/822/319
f 514/829/321 513/819/318 475/820/318
f 515/831/320 514/829/321 476/830/321
f 507/832/322 508/873/330 540/833/323
f 498/825/165 514/824/165 515/835/165
f 500/837/165 499/836/165 515/835/165
f 501/839/165 500/837/165 516/838/165
f 501/839/165 517/840/165 518/841/165
f 502/842/165 518/841/165 519/843/165
f 504/845/165 503/844/165 519/843/165
f 505/847/165 504/845/165 520/846/165
f 505/847/165 521/848/165 522/849/165
f 506/850/165 522/849/165 523/851/165
f 508/853/165 507/852/165 523/851/165
f 509/855/165 508/853/165 524/854/165
f 509/857/165 525/2231/165 526/858/165
f 511/860/165 510/859/165 526/858/165
f 512/862/165 511/860/165 527/861/165
f 497/823/165 512/862/165 528/863/165
f 501/865/325 533/872/329 532/866/326
f 544/869/165 529/2232/165 530/2233/165
f 530/2233/165 531/2234/165 532/2235/165
f 532/2235/165 533/2236/165 534/2237/165
f 534/2237/165 535/2238/165 536/870/165
f 536/870/165 537/2239/165 538/2240/165
f 538/2240/165 539/2241/165 540/2242/165
f 540/2242/165 541/2243/165 542/868/165
f 542/868/165 543/2244/165 544/869/165
f 544/869/165 530/2233/165 532/2235/165
f 532/2235/165 534/2237/165 544/869/165
f 534/2237/165 536/870/165 544/869/165
f 536/870/165 538/2240/165 540/2242/165
f 540/2242/165 542/868/165 536/870/165
f 502/871/328 534/876/333 533/872/329
f 508/873/330 509/2245/334 541/874/331
f 503/875/332 535/881/337 534/876/333
f 509/877/334 510/882/338 542/878/335
f 504/880/336 536/888/344 535/881/337
f 510/882/338 511/889/345 543/883/339
f 498/884/340 530/892/348 529/885/341
f 505/887/343 537/894/350 536/888/344
f 511/889/345 512/895/351 544/890/346
f 499/891/347 531/896/352 530/892/348
f 505/887/343 506/897/353 538/893/349
f 512/895/351 497/886/342 529/885/341
f 500/867/327 532/866/326 531/896/352
f 506/897/353 507/832/322 539/834/324
f 475/798/307 465/797/307 491/898/292
f 566/899/354 604/959/400 605/900/355
f 546/902/357 571/1024/358 556/903/358
f 559/905/359 547/2246/359 572/906/360
f 562/908/361 550/917/361 549/909/362
f 548/911/363 547/2246/359 559/905/359
f 549/909/362 548/911/363 560/912/363
f 574/913/364 573/918/365 564/914/365
f 563/916/366 551/2247/366 550/917/361
f 573/918/365 551/2247/366 563/916/366
f 566/919/367 552/924/367 574/913/364
f 576/920/368 575/2248/369 567/921/369
f 567/923/369 575/2249/369 552/924/367
f 553/925/370 576/920/368 568/922/368
f 558/907/360 572/906/360 546/902/357
f 570/927/371 554/929/371 553/925/370
f 555/928/372 545/2250/372 554/929/371
f 559/930/373 597/934/377 598/931/374
f 558/933/376 596/958/399 597/934/377
f 560/932/375 598/931/374 599/935/378
f 567/937/356 605/2251/355 606/938/380
f 561/936/379 599/935/378 600/940/382
f 568/939/381 606/938/380 607/942/384
f 562/941/383 600/940/382 601/944/386
f 569/943/385 607/942/384 608/946/388
f 563/945/387 601/944/386 602/948/390
f 570/947/389 608/946/388 593/950/392
f 564/949/391 602/948/390 603/952/394
f 578/954/396 594/967/401 593/955/392
f 558/933/376 557/962/403 595/957/398
f 565/953/395 603/952/394 604/959/400
f 555/951/393 593/950/392 594/960/401
f 556/961/402 594/960/401 595/957/398
f 587/963/404 619/1023/432 620/964/405
f 579/966/407 595/969/398 594/967/401
f 580/968/408 596/971/399 595/969/398
f 581/970/409 597/973/377 596/971/399
f 582/972/410 598/975/374 597/973/377
f 583/974/411 599/977/378 598/975/374
f 584/976/412 600/979/382 599/977/378
f 585/978/413 601/2252/386 600/979/382
f 602/980/390 601/2252/386 585/978/413
f 603/982/394 602/980/390 586/981/414
f 604/984/400 603/982/394 587/983/404
f 605/986/355 604/984/400 588/985/406
f 606/988/380 605/2253/355 589/989/415
f 607/991/384 606/988/380 590/990/416
f 608/993/388 607/991/384 591/992/417
f 593/955/392 608/993/388 592/994/418
f 612/995/419 613/1001/423 581/996/409
f 610/1000/422 609/1013/428 624/1017/429
f 624/1017/429 623/1011/427 622/1007/425
f 622/1007/425 621/1003/424 620/964/405
f 620/964/405 619/1023/432 622/1007/425
f 619/1023/432 618/1020/430 622/1007/425
f 618/1020/430 617/2254/1351 616/998/420
f 616/998/420 615/1009/426 614/999/421
f 614/999/421 613/1001/423 612/995/419
f 612/995/419 611/1022/431 614/999/421
f 611/1022/431 610/1000/422 614/999/421
f 610/1000/422 624/1017/429 618/1020/430
f 624/1017/429 622/1007/425 618/1020/430
f 618/1020/430 616/998/420 610/1000/422
f 613/1001/423 614/999/421 582/1002/410
f 588/965/406 620/964/405 621/1003/424
f 614/999/421 615/1009/426 583/1005/411
f 589/1006/415 621/1003/424 622/1007/425
f 615/1009/426 616/998/420 584/1010/412
f 590/1008/416 622/1007/425 623/1011/427
f 609/1013/428 610/1000/422 578/1014/396
f 616/998/420 617/2254/1351 585/1016/413
f 591/1012/417 623/1011/427 624/1017/429
f 610/1000/422 611/1022/431 579/1019/407
f 585/1016/413 617/2254/1351 618/1020/430
f 592/1018/418 624/1017/429 609/1013/428
f 611/1022/431 612/995/419 580/997/408
f 586/1021/414 618/1020/430 619/1023/432
f 571/1024/358 545/2250/372 555/928/372
f 470/1025/433 469/1051/434 549/1026/434
f 470/1025/433 550/1027/435 551/1028/436
f 474/1030/437 473/1057/455 553/1031/438
f 474/1030/437 554/1032/437 545/1033/439
f 493/1035/440 573/1052/440 574/1036/441
f 495/1038/442 575/2255/442 576/1039/443
f 465/1034/439 545/1033/439 571/1041/445
f 491/1042/446 571/1041/445 546/1043/447
f 492/1045/449 466/1044/448 546/1043/447
f 492/1045/449 572/1046/449 547/1047/450
f 467/1048/450 547/1047/450 548/1049/451
f 468/1050/452 548/1049/451 549/1026/434
f 471/1029/436 551/1028/436 573/1052/440
f 494/1037/441 574/1036/441 552/1053/453
f 472/1054/454 552/1053/453 575/1055/442
f 496/1040/444 576/1039/443 553/1031/438
f 687/1063/460 686/1112/505 654/1064/461
f 675/1066/463 643/1083/480 644/1067/464
f 650/1080/477 649/2256/501 648/2257/485
f 648/2257/485 647/2258/495 646/1081/478
f 646/1081/478 645/2259/515 644/2260/464
f 644/2260/464 643/2261/480 656/1082/479
f 643/2261/480 642/2262/482 641/2263/507
f 656/1082/479 643/2261/480 641/2263/507
f 656/1082/479 655/2264/462 650/1080/477
f 655/2264/462 654/2265/461 653/2266/506
f 650/1080/477 655/2264/462 651/2267/488
f 653/2266/506 652/2268/494 655/2264/462
f 652/2268/494 651/2267/488 655/2264/462
f 650/1080/477 648/2257/485 646/1081/478
f 646/1081/478 644/2260/464 656/1082/479
f 643/1083/480 675/1066/463 674/1084/481
f 679/1088/484 647/2269/495 648/1089/485
f 682/1091/487 650/1095/477 651/1092/488
f 681/1094/490 649/1107/501 650/1095/477
f 673/1096/491 641/1114/507 642/1085/482
f 640/1069/466 672/1108/502 657/1097/492
f 684/1098/493 683/1093/489 651/1092/488
f 647/1100/495 679/2270/484 678/1101/496
f 677/1103/497 645/1122/515 646/1102/478
f 637/1078/475 636/1059/457 668/1104/498
f 636/1059/457 635/1058/456 667/1106/500
f 680/1090/486 648/1089/485 649/1107/501
f 639/1072/469 671/1125/518 672/1108/502
f 627/1077/474 659/1115/508 660/1109/503
f 688/1110/504 687/1063/460 655/1065/462
f 686/1112/505 685/1126/519 653/1113/506
f 673/1096/491 688/1110/504 656/1111/479
f 626/1075/472 658/1119/512 659/1115/508
f 631/1079/476 663/1164/516 664/1116/509
f 635/1058/456 634/1074/471 666/1117/510
f 634/1074/471 633/1073/470 665/1118/511
f 632/1076/473 664/1116/509 665/1118/511
f 625/1070/467 657/1097/492 658/1119/512
f 628/1061/458 660/1109/503 661/1120/513
f 629/1062/459 661/1120/513 662/1121/514
f 676/1068/465 644/1067/464 645/1122/515
f 630/1086/483 662/1121/514 663/1123/516
f 638/1071/468 637/1078/475 669/1105/499
f 639/1072/469 638/1071/468 670/1124/517
f 685/1126/519 684/1098/493 652/1099/494
f 688/1110/504 693/1128/521 690/1127/520
f 673/1096/491 695/1129/522 693/1128/521
f 674/1084/481 697/1131/524 695/1129/522
f 674/1084/481 675/1066/463 699/1130/523
f 676/1068/465 701/1132/525 699/1130/523
f 677/1103/497 703/1133/526 701/1132/525
f 678/1101/496 705/1135/528 703/1133/526
f 678/1101/496 679/2270/484 707/1134/527
f 680/1090/486 709/1138/530 707/1136/527
f 680/1090/486 681/1094/490 711/1137/529
f 682/1091/487 713/1140/532 711/1137/529
f 682/1091/487 683/1093/489 715/1139/531
f 684/1098/493 717/1141/533 715/1139/531
f 685/1126/519 719/1142/534 717/1141/533
f 686/1112/505 721/1143/535 719/1142/534
f 686/1112/505 687/1063/460 690/1127/520
f 693/1128/521 692/1146/537 691/1144/536
f 691/1145/536 692/1148/537 672/1108/502
f 695/1129/522 694/1149/538 692/1146/537
f 694/1147/538 657/1097/492 672/1108/502
f 697/1131/524 696/1151/539 694/1149/538
f 696/1150/539 658/1119/512 657/1097/492
f 699/1130/523 698/1153/540 696/1151/539
f 698/1152/540 659/1115/508 658/1119/512
f 701/1132/525 700/1154/541 698/1153/540
f 698/1152/540 700/1156/541 660/1109/503
f 703/1133/526 702/1157/542 700/1154/541
f 702/1155/542 661/1120/513 660/1109/503
f 705/1135/528 704/1160/543 702/1157/542
f 704/1158/543 662/1121/514 661/1120/513
f 705/1135/528 707/1134/527 706/1159/544
f 706/1161/544 663/1123/516 662/1121/514
f 709/1138/530 708/1166/546 706/1162/544
f 706/1163/544 708/1168/546 664/1116/509
f 709/1138/530 711/1137/529 710/1165/545
f 710/1167/545 665/1118/511 664/1116/509
f 713/1140/532 712/1169/547 710/1165/545
f 710/1167/545 712/1171/547 666/1117/510
f 715/1139/531 714/1172/548 712/1169/547
f 714/1170/548 667/1106/500 666/1117/510
f 717/1141/533 716/1173/549 714/1172/548
f 714/1170/548 716/1175/549 668/1104/498
f 719/1142/534 718/1176/550 716/1173/549
f 718/1174/550 669/1105/499 668/1104/498
f 721/1143/535 720/1178/551 718/1176/550
f 720/1177/551 670/1124/517 669/1105/499
f 690/1127/520 691/1144/536 720/1178/551
f 691/1145/536 671/1125/518 670/1124/517
f 732/1179/552 812/1224/597 811/1180/553
f 817/1182/555 816/1194/567 738/1183/556
f 818/1185/558 817/1182/555 739/1184/557
f 801/1187/560 823/1199/572 747/1188/561
f 802/1190/563 801/1187/560 748/1189/562
f 824/1192/565 802/1190/563 749/1191/564
f 816/1194/567 815/1320/680 737/1195/568
f 822/1196/569 790/1208/581 745/1197/570
f 823/1199/572 822/1196/569 746/1198/571
f 723/1200/573 794/1335/681 793/1201/574
f 821/1203/576 820/1242/615 742/1204/577
f 789/1206/579 821/1203/576 743/1205/578
f 790/1208/581 789/1206/579 744/1207/580
f 826/1209/582 825/1222/595 751/1210/583
f 827/1212/585 826/1209/582 752/1211/584
f 728/1214/587 808/1218/591 807/1215/588
f 729/1217/590 809/1220/593 808/1218/591
f 730/1219/592 810/1221/594 809/1220/593
f 731/1181/554 811/1180/553 810/1221/594
f 825/1222/595 824/1192/565 750/1193/566
f 733/1223/596 813/1226/599 812/1224/597
f 734/1225/598 814/1228/601 813/1226/599
f 735/1227/600 797/1230/603 814/1228/601
f 736/1229/602 798/1231/604 797/1230/603
f 737/1195/568 815/1320/680 798/1231/604
f 838/1232/605 839/1298/669 761/1233/606
f 726/1235/608 806/1238/611 805/1236/609
f 727/1216/589 807/1215/588 806/1238/611
f 804/1239/612 834/1338/682 722/1240/613
f 820/1242/615 819/1274/646 741/1243/616
f 722/1244/613 834/2271/682 835/1245/617
f 725/1237/610 761/1233/606 756/1247/619
f 726/1235/608 756/1247/619 772/1248/620
f 727/1216/589 772/1248/620 773/1249/621
f 728/1214/587 773/1249/621 774/1250/622
f 729/1217/590 774/1250/622 767/1251/623
f 730/1219/592 767/1251/623 764/1252/624
f 764/1252/624 759/1253/625 732/1179/552
f 759/1253/625 775/1254/626 733/1223/596
f 775/1254/626 776/1255/627 734/1225/598
f 776/1255/627 777/1256/628 735/1227/600
f 777/1256/628 778/1302/673 736/1229/602
f 736/1229/602 778/1302/673 768/1257/629
f 737/1195/568 768/1257/629 762/1258/630
f 762/1258/630 757/1259/631 739/1184/557
f 757/1259/631 779/1279/650 740/1186/559
f 740/1186/559 779/1279/650 780/1260/632
f 741/1243/616 780/1260/632 781/1261/633
f 742/1204/577 781/1261/633 769/1262/634
f 743/1205/578 769/1262/634 765/1263/635
f 744/1207/580 765/1263/635 760/1264/636
f 745/1197/570 760/1264/636 782/1265/637
f 782/1265/637 783/1266/638 747/1188/561
f 783/1266/638 784/1267/639 748/1189/562
f 784/1267/639 785/1268/640 749/1191/564
f 785/1268/640 770/1269/641 750/1193/566
f 770/1269/641 763/1270/642 751/1210/583
f 763/1270/642 758/1292/663 752/1211/584
f 752/1211/584 758/1292/663 786/1271/643
f 753/1213/586 786/1271/643 787/1272/644
f 754/1202/575 787/1272/644 771/1273/645
f 819/1274/646 818/1185/558 740/1186/559
f 755/1275/618 766/1234/607 724/1241/614
f 754/1202/575 793/1201/574 827/1212/585
f 724/1241/614 766/1234/607 761/1233/606
f 837/1276/647 842/1304/675 759/1253/625
f 762/1258/630 846/1284/655 830/1277/648
f 757/1259/631 830/1277/648 831/1278/649
f 833/1280/651 792/1281/652 787/1272/644
f 792/1281/652 795/2272/683 771/1273/645
f 781/1261/633 848/1307/678 849/1282/653
f 769/1262/634 849/1282/653 788/1283/654
f 768/1257/629 845/2273/679 846/1284/655
f 760/1264/636 791/1290/661 850/1285/656
f 782/1265/637 850/1285/656 851/1286/657
f 783/1266/638 851/1286/657 800/1287/658
f 784/1267/639 800/1287/658 803/1288/659
f 785/1268/640 803/1288/659 852/1289/660
f 765/1263/635 788/1283/654 791/1290/661
f 763/1270/642 853/1297/668 832/1291/662
f 758/1292/663 832/1291/662 833/1280/651
f 829/1293/664 840/1294/665 773/1249/621
f 840/1294/665 841/1295/666 774/1250/622
f 841/1295/666 836/1296/667 767/1251/623
f 836/1296/667 837/1276/647 764/1252/624
f 770/1269/641 852/1289/660 853/1297/668
f 839/1298/669 828/1299/670 756/1247/619
f 828/1299/670 829/1293/664 772/1248/620
f 844/1300/671 796/1301/672 777/1256/628
f 796/1301/672 799/1303/674 778/1302/673
f 799/1303/674 845/2273/679 768/1257/629
f 842/1304/675 843/1305/676 775/1254/626
f 843/1305/676 844/1300/671 776/1255/627
f 779/1279/650 831/1278/649 847/1306/677
f 780/1260/632 847/1306/677 848/1307/678
f 755/1275/618 835/2274/617 838/1232/605
f 725/1237/610 805/1236/609 804/1239/612
f 839/1308/669 838/2275/605 804/1239/612
f 828/1309/670 839/1308/669 805/1236/609
f 829/1310/664 828/1309/670 806/1238/611
f 840/1311/665 829/1310/664 807/1215/588
f 841/1312/666 840/1311/665 808/1218/591
f 836/1313/667 841/1312/666 809/1220/593
f 837/1314/647 836/1313/667 810/1221/594
f 812/1224/597 842/1315/675 837/1314/647
f 813/1226/599 843/1316/676 842/1315/675
f 814/1228/601 844/1317/671 843/1316/676
f 797/1230/603 796/1318/672 844/1317/671
f 798/1231/604 799/2276/674 796/1318/672
f 845/1319/679 799/2276/674 798/1231/604
f 846/1321/655 845/1319/679 815/1320/680
f 817/1182/555 830/1322/648 846/1321/655
f 818/1185/558 831/2277/649 830/1322/648
f 847/1323/677 831/2277/649 818/1185/558
f 848/1324/678 847/1323/677 819/1274/646
f 849/1325/653 848/1324/678 820/1242/615
f 788/1326/654 849/1325/653 821/1203/576
f 791/1327/661 788/1326/654 789/1206/579
f 850/1328/656 791/1327/661 790/1208/581
f 823/1199/572 851/1329/657 850/1328/656
f 801/1187/560 800/1330/658 851/1329/657
f 802/1190/563 803/1331/659 800/1330/658
f 824/1192/565 852/1332/660 803/1331/659
f 825/1222/595 853/1333/668 852/1332/660
f 826/1209/582 832/1334/662 853/1333/668
f 827/1212/585 833/2278/651 832/1334/662
f 794/1335/681 795/2279/683 792/1336/652
f 792/1336/652 833/2278/651 827/1212/585
f 804/1239/612 838/2275/605 835/1337/617
f 795/1339/683 794/2280/681 723/1340/573
f 860/1342/684 858/1404/746 859/1343/685
f 863/1345/687 862/1347/689 860/1342/684
f 865/1346/688 864/1349/691 862/1347/689
f 867/1348/690 866/1351/693 864/1349/691
f 869/1350/692 868/1353/695 866/1351/693
f 871/1352/694 870/1355/697 868/1353/695
f 873/1354/696 872/1357/699 870/1355/697
f 875/1356/698 874/1359/701 872/1357/699
f 877/1358/700 876/1361/703 874/1359/701
f 879/1360/702 878/1363/705 876/1361/703
f 881/1362/704 880/1365/707 878/1363/705
f 883/1364/706 882/1367/709 880/1365/707
f 885/1366/708 884/1369/711 882/1367/709
f 887/1368/710 886/1433/775 884/1369/711
f 888/1370/712 886/1433/775 887/1368/710
f 890/1372/714 888/1370/712 889/1371/713
f 893/1374/716 892/1376/718 890/1372/714
f 895/1375/717 894/1378/720 892/1376/718
f 897/1377/719 896/1380/722 894/1378/720
f 899/1379/721 898/1382/724 896/1380/722
f 901/1381/723 900/1446/788 898/1382/724
f 902/1383/725 900/1446/788 901/1381/723
f 904/1385/727 902/1383/725 903/1384/726
f 906/1387/729 904/1385/727 905/1386/728
f 908/1389/731 906/1387/729 907/1388/730
f 910/1391/733 908/1389/731 909/1390/732
f 912/1393/735 910/1391/733 911/1392/734
f 914/1395/737 912/1393/735 913/1394/736
f 916/1397/739 914/1395/737 915/1396/738
f 919/1399/741 918/1400/742 916/1397/739
f 918/1400/742 919/1399/741 856/1401/743
f 855/1403/745 859/1343/685 858/1404/746
f 858/1404/746 955/1408/750 954/1406/748
f 953/1407/749 956/2281/1352 861/1344/686
f 860/1342/684 957/2282/807 955/1408/750
f 861/1344/686 956/2281/1352 958/1409/751
f 959/1410/752 957/2282/807 860/1342/684
f 863/1345/687 958/1409/751 934/1411/753
f 935/1412/754 959/1410/752 862/1347/689
f 865/1346/688 934/1411/753 937/1413/755
f 936/1414/756 935/1412/754 864/1349/691
f 867/1348/690 937/1413/755 927/1415/757
f 926/1416/758 936/1414/756 866/1351/693
f 869/1350/692 927/1415/757 921/1417/759
f 920/1418/760 926/1416/758 868/1353/695
f 921/1417/759 960/1419/761 873/1354/696
f 872/1357/699 961/1420/762 920/1418/760
f 960/1419/761 962/1421/763 875/1356/698
f 874/1359/701 963/1422/764 961/1420/762
f 962/1421/763 964/1423/765 877/1358/700
f 876/1361/703 965/1424/766 963/1422/764
f 964/1423/765 966/1425/767 879/1360/702
f 878/1363/705 967/1426/768 965/1424/766
f 966/1425/767 942/1427/769 881/1362/704
f 880/1365/707 943/1428/770 967/1426/768
f 942/1427/769 945/1429/771 883/1364/706
f 882/1367/709 944/1430/772 943/1428/770
f 945/1429/771 931/1481/808 885/1366/708
f 884/1369/711 930/2283/809 944/1430/772
f 885/1366/708 931/1481/808 925/1431/773
f 924/1432/774 930/2283/809 884/1369/711
f 887/1368/710 925/1431/773 968/1434/776
f 969/1435/777 924/1432/774 886/1433/775
f 968/1434/776 970/2284/1353 891/1373/715
f 890/1372/714 971/2285/810 969/1435/777
f 891/1373/715 970/2284/1353 972/1436/778
f 973/1437/779 971/2285/810 890/1372/714
f 893/1374/716 972/1436/778 974/1438/780
f 975/1439/781 973/1437/779 892/1376/718
f 895/1375/717 974/1438/780 976/1440/782
f 977/1441/783 975/1439/781 894/1378/720
f 897/1377/719 976/1440/782 938/1442/784
f 939/1443/785 977/1441/783 896/1380/722
f 899/1379/721 938/1442/784 941/1444/786
f 940/1445/787 939/1443/785 898/1382/724
f 901/1381/723 941/1444/786 929/1447/789
f 928/1448/790 940/1445/787 900/1446/788
f 903/1384/726 929/1447/789 923/1449/791
f 922/1450/792 928/1448/790 902/1383/725
f 923/1449/791 978/1451/793 907/1388/730
f 906/1387/729 979/1452/794 922/1450/792
f 978/1451/793 980/1453/795 909/1390/732
f 908/1389/731 981/1454/796 979/1452/794
f 980/1453/795 982/1455/797 911/1392/734
f 910/1391/733 983/1456/798 981/1454/796
f 982/1455/797 984/1457/799 913/1394/736
f 912/1393/735 985/1458/800 983/1456/798
f 984/1457/799 946/1459/801 915/1396/738
f 914/1395/737 947/1460/802 985/1458/800
f 946/1459/801 949/2286/1354 917/1398/740
f 916/1397/739 948/2287/811 947/1460/802
f 917/1398/740 949/2286/1354 933/1461/803
f 932/1462/804 948/2287/811 916/1397/739
f 919/1399/741 933/1461/803 950/1463/805
f 951/1464/806 932/1462/804 918/1400/742
f 954/1465/748 952/2288/812 855/1466/745
f 957/1468/807 956/2281/1352 953/1407/749
f 958/1409/751 956/2281/1352 957/1468/807
f 934/1411/753 958/1409/751 959/1470/752
f 937/1413/755 934/1411/753 935/1471/754
f 927/1415/757 937/1413/755 936/1472/756
f 921/1417/759 927/1415/757 926/1473/758
f 960/1419/761 921/1417/759 920/1474/760
f 962/1421/763 960/1419/761 961/1475/762
f 964/1423/765 962/1421/763 963/1476/764
f 966/1425/767 964/1423/765 965/1477/766
f 942/1427/769 966/1425/767 967/1478/768
f 945/1429/771 942/1427/769 943/1479/770
f 931/1481/808 945/1429/771 944/1480/772
f 925/1431/773 931/1481/808 930/1482/809
f 969/1484/777 968/1434/776 925/1431/773
f 971/1485/810 970/2284/1353 968/1434/776
f 972/1436/778 970/2284/1353 971/1485/810
f 974/1438/780 972/1436/778 973/1486/779
f 976/1440/782 974/1438/780 975/1487/781
f 938/1442/784 976/1440/782 977/1488/783
f 941/1444/786 938/1442/784 939/1489/785
f 928/1491/790 929/1447/789 941/1444/786
f 922/1492/792 923/1449/791 929/1447/789
f 979/1493/794 978/1451/793 923/1449/791
f 981/1494/796 980/1453/795 978/1451/793
f 983/1495/798 982/1455/797 980/1453/795
f 985/1496/800 984/1457/799 982/1455/797
f 947/1497/802 946/1459/801 984/1457/799
f 948/1498/811 949/2286/1354 946/1459/801
f 933/1461/803 949/2286/1354 948/1498/811
f 950/1463/805 933/1461/803 932/1499/804
f 952/1501/812 954/2289/748 955/1469/750
f 952/1501/812 953/1407/749 859/1343/685
f 856/1502/743 950/2290/805 951/1503/806
f 1083/1505/813 995/1532/837 988/1506/814
f 1059/1508/816 1060/1516/822 997/1509/817
f 989/1511/819 996/1514/820 1083/1512/813
f 990/1510/818 997/1509/817 996/1514/820
f 991/1515/821 998/1534/839 1060/1516/822
f 992/1517/823 986/1596/895 993/1518/824
f 1003/1520/826 1002/1531/833 1083/1512/813
f 1050/1521/827 1051/1612/911 1058/1522/828
f 997/1509/817 1004/1536/841 1003/1520/826
f 1000/1524/830 1006/1545/850 1005/1525/831
f 1002/1527/833 1080/1546/851 1007/1528/834
f 1008/1530/836 1080/1701/851 1002/1531/833
f 1002/1527/833 1001/1529/835 995/1532/837
f 1001/1529/835 1000/1524/830 994/1533/838
f 993/1518/824 994/1533/838 1000/1524/830
f 998/1534/839 991/1515/821 992/1517/823
f 1009/1535/840 1008/1530/836 1003/1520/826
f 1063/1537/842 1009/1535/840 1004/1536/841
f 1060/1516/822 1061/1538/843 1004/1536/841
f 1010/1539/844 1063/1537/842 1061/1538/843
f 1016/1541/846 1015/1553/858 1008/1530/836
f 998/1534/839 1062/1540/845 1061/1538/843
f 1011/1542/847 1010/1539/844 1062/1540/845
f 999/1519/825 1081/1543/848 1062/1540/845
f 1082/1526/832 1005/1525/831 1011/1542/847
f 1082/1526/832 1081/1543/848 999/1519/825
f 1007/1528/834 1014/1547/852 1013/1544/849
f 1080/1546/851 1079/1567/867 1014/1547/852
f 1017/1548/853 1064/1555/860 1063/1537/842
f 1018/1549/854 1011/1542/847 1005/1525/831
f 1018/1549/854 1017/1548/853 1010/1539/844
f 1012/1550/855 1005/1525/831 1006/1545/850
f 1013/1544/849 1020/1574/876 1019/1551/856
f 1023/1552/857 1022/1561/866 1015/1553/858
f 1017/1548/853 1024/1557/862 1065/1554/859
f 1012/1550/855 1019/1551/856 1025/1556/861
f 1017/1548/853 1018/1549/854 1025/1556/861
f 1064/1555/860 1065/1554/859 1023/1552/857
f 1077/1558/863 1028/1573/875 1021/1559/864
f 1022/1561/866 1078/1565/865 1079/1562/867
f 1065/1554/859 1066/1568/870 1030/1563/868
f 1022/1561/866 1029/1566/869 1077/1564/863
f 1023/1552/857 1030/1563/868 1029/1566/869
f 1079/1567/867 1078/1560/865 1021/1559/864
f 1024/1557/862 1031/1571/873 1066/1568/870
f 1025/1556/861 1019/1551/856 1026/1569/871
f 1025/1556/861 1032/1570/872 1031/1571/873
f 1076/1572/874 1035/1578/879 1028/1573/875
f 1014/1547/852 1021/1559/864 1020/1574/876
f 1066/1568/870 1067/1580/881 1037/1575/877
f 1029/1566/869 1036/1577/878 1076/1576/874
f 1030/1563/868 1037/1575/877 1036/1577/878
f 1035/1578/879 1034/1584/885 1027/1579/880
f 1027/1579/880 1026/1569/871 1019/1551/856
f 1031/1571/873 1038/1583/884 1067/1580/881
f 1032/1570/872 1026/1569/871 1033/1581/882
f 1038/1583/884 1031/1571/873 1032/1570/872
f 1034/1584/885 1033/1581/882 1026/1569/871
f 1075/1585/886 1040/1590/891 1046/1586/887
f 1036/1577/878 1043/1592/893 1042/1588/889
f 1047/1589/890 1046/1586/887 1040/1590/891
f 1037/1575/877 1044/1598/897 1043/1592/893
f 1001/1529/835 1007/1528/834 1006/1545/850
f 1043/1592/893 1048/1599/898 1073/1593/894
f 1028/1573/875 1027/1579/880 1020/1574/876
f 1073/1594/894 1047/1589/890 1041/1591/892
f 1042/1595/889 1041/1591/892 1035/1578/879
f 1041/1591/892 1040/1590/891 1034/1584/885
f 1033/1581/882 1034/1584/885 1040/1590/891
f 1064/1555/860 1016/1541/846 1009/1535/840
f 994/1533/838 993/1518/824 986/1596/895
f 1044/1598/897 1049/1601/900 1048/1599/898
f 1068/1600/899 1070/1606/905 1049/1601/900
f 1067/1580/881 1068/1600/899 1044/1598/897
f 1054/1602/901 1053/1603/902 1046/1586/887
f 1045/1587/888 1046/1586/887 1053/1603/902
f 1069/1605/904 1050/1521/827 1070/1606/905
f 1038/1583/884 1069/1605/904 1068/1600/899
f 1074/1607/906 1051/1612/911 1050/1521/827
f 1039/1582/883 1074/1607/906 1069/1605/904
f 1045/1587/888 1051/1612/911 1074/1607/906
f 1073/1594/894 1072/2291/908 1054/1602/901
f 1070/1606/905 1071/1611/910 1056/1608/907
f 1048/1599/898 1055/1610/909 1072/1609/908
f 1049/1601/900 1056/1608/907 1055/1610/909
f 1050/1521/827 1057/1523/829 1071/1611/910
f 1051/1612/911 1045/1587/888 1052/1604/903
f 1075/1585/886 1074/1607/906 1039/1582/883
f 995/1532/837 994/1533/838 987/1597/896
f 1163/1613/912 1094/1642/939 1087/1614/913
f 1110/1616/915 1109/1631/928 1099/1617/916
f 1103/1619/918 1106/1641/938 1105/1620/919
f 1088/1622/921 1095/1626/923 1163/1623/912
f 1089/1625/922 1096/1636/933 1095/1626/923
f 1092/1627/924 1098/1638/935 1091/1628/925
f 1162/1630/927 1099/1617/916 1109/1631/928
f 1111/1633/930 1110/1616/915 1100/1618/917
f 1097/1635/932 1100/1618/917 1099/1617/916
f 1090/1637/934 1097/1635/932 1096/1636/933
f 1098/1638/935 1101/1634/931 1100/1618/917
f 1102/1621/920 1105/1620/919 1111/1633/930
f 1096/1636/933 1099/1617/916 1162/1630/927
f 1103/1619/918 1102/1621/920 1092/1627/924
f 1104/1640/937 1107/1644/941 1106/1641/938
f 1094/1642/939 1104/1640/937 1103/1619/918
f 1161/1643/940 1160/1651/947 1107/1644/941
f 1163/1613/912 1161/1643/940 1104/1640/937
f 1108/1632/929 1160/1654/947 1161/1645/940
f 1102/1621/920 1101/1634/931 1098/1638/935
f 1107/1644/941 1114/1652/948 1113/1646/942
f 1111/1633/930 1118/1650/946 1117/1647/943
f 1106/1641/938 1113/1646/942 1112/1648/944
f 1116/1649/945 1115/1653/949 1108/1632/929
f 1105/1620/919 1112/1648/944 1118/1650/946
f 1160/1651/947 1159/1663/956 1114/1652/948
f 1115/1653/949 1159/1661/956 1160/1654/947
f 1117/1647/943 1116/1649/945 1109/1631/928
f 1119/1655/950 1125/1658/953 1118/1650/946
f 1121/1656/951 1120/1657/952 1113/1646/942
f 1112/1648/944 1113/1646/942 1120/1657/952
f 1117/1647/943 1118/1650/946 1125/1658/953
f 1115/1653/949 1122/1669/962 1158/1660/955
f 1158/1662/955 1121/1656/951 1114/1652/948
f 1117/1647/943 1124/1659/954 1123/1664/957
f 1119/1655/950 1120/1657/952 1127/1665/958
f 1132/1667/960 1131/1680/972 1124/1659/954
f 1124/1659/954 1131/1680/972 1130/1668/961
f 1122/1669/962 1129/1672/964 1157/1670/963
f 1157/1671/963 1128/1673/965 1121/1656/951
f 1123/1664/957 1130/1668/961 1129/1672/964
f 1128/1673/965 1127/1665/958 1120/1657/952
f 1137/1674/966 1136/1677/969 1140/1675/967
f 1132/1667/960 1126/1666/959 1136/1677/969
f 1125/1658/953 1119/1655/950 1126/1666/959
f 1138/1678/970 1137/1674/966 1146/1676/968
f 1131/1680/972 1132/1667/960 1137/1674/966
f 1138/1678/970 1145/1679/971 1144/1681/973
f 1131/1680/972 1138/1678/970 1139/1682/974
f 1139/1682/974 1144/1681/973 1143/1683/975
f 1093/1639/936 1092/1627/924 1085/1629/926
f 1126/1666/959 1127/1665/958 1135/1686/978
f 1134/1687/979 1133/1694/982 1155/1688/980
f 1129/1672/964 1156/1684/976 1133/1690/982
f 1127/1665/958 1128/1673/965 1134/1687/979
f 1151/1691/983 1150/2292/1355 1143/1683/975
f 1136/1677/969 1135/1686/978 1141/1692/984
f 1155/1688/980 1154/2293/986 1149/1693/985
f 1135/1686/978 1134/1687/979 1142/1689/981
f 1128/1673/965 1157/1671/963 1133/1694/982
f 1156/1684/976 1143/1683/975 1155/1695/980
f 1143/1683/975 1150/2292/1355 1154/1696/986
f 1147/1697/987 1140/1675/967 1141/1692/984
f 1152/1699/989 1151/1691/983 1144/1681/973
f 1153/1700/990 1146/1676/968 1140/1675/967
f 1097/1635/932 1090/1637/934 1091/1628/925
f 1153/1700/990 1152/1699/989 1145/1679/971
f 1094/1642/939 1093/1639/936 1086/1685/977
f 1162/1630/927 1161/1645/940 1163/1623/912
f 1116/1649/945 1123/1664/957 1122/1669/962
f 1142/1689/981 1149/1693/985 1148/1698/988
f 1015/1553/858 1079/1562/867 1080/1701/851
f 1130/1668/961 1139/1682/974 1156/1684/976
f 1171/1702/991 1203/1786/991 1205/1703/992
f 1218/1705/994 1217/1729/1006 1167/1706/995
f 1177/1708/997 1165/1717/992 1198/1709/997
f 1175/1711/991 1207/1725/991 1210/1712/992
f 1180/1714/998 1177/1708/997 1209/1710/997
f 1179/1716/997 1211/1719/997 1198/1709/997
f 1176/1718/993 1208/1724/992 1211/1719/997
f 1196/1720/999 1181/2294/1000 1198/1721/1000
f 1174/1723/1002 1206/1782/1049 1208/1724/992
f 1173/1704/993 1205/1703/992 1207/1725/991
f 1168/1726/1003 1224/2295/1070 1223/1727/1004
f 1217/1729/1006 1216/1736/1013 1180/1730/1007
f 1165/1731/1008 1214/2296/1356 1229/1732/1009
f 1166/1728/1005 1223/1727/1004 1222/1734/1011
f 1216/1736/1013 1215/1816/1071 1177/1737/1014
f 1179/1733/1010 1229/1732/1009 1228/1738/1015
f 1222/1734/1011 1221/1743/1020 1175/1740/1017
f 1176/1739/1016 1228/1738/1015 1227/1741/1018
f 1221/1743/1020 1220/1747/1024 1173/1744/1021
f 1174/1742/1019 1227/1741/1018 1226/1745/1022
f 1220/1747/1024 1219/1751/1028 1171/1748/1025
f 1172/1746/1023 1226/1745/1022 1225/1749/1026
f 1219/1751/1028 1218/1705/994 1169/1707/996
f 1183/1752/1029 1184/1756/1030 1199/1753/1030
f 1201/1755/1031 1199/1753/1030 1184/1756/1030
f 1200/1758/1033 1197/1780/1034 1190/1759/1034
f 1202/1761/1035 1200/2297/1033 1191/1762/1033
f 1201/1755/1031 1185/1757/1032 1186/1764/1037
f 1204/1766/1039 1202/1761/1035 1192/1763/1036
f 1203/1765/1038 1186/1764/1037 1187/1768/1041
f 1204/1766/1039 1193/1767/1040 1194/1770/1042
f 1205/1769/1041 1187/1768/1041 1188/1772/1043
f 1208/1774/1044 1206/1771/1042 1194/1770/1042
f 1198/1721/1000 1181/2294/1000 1182/1776/1046
f 1210/1778/1048 1207/1773/1043 1188/1772/1043
f 1211/1722/1001 1208/1774/1044 1195/1775/1045
f 1209/1777/1047 1182/1776/1046 1183/1752/1029
f 1210/1778/1048 1189/1779/1048 1190/1759/1034
f 1172/1781/992 1204/1784/992 1206/1782/1049
f 1172/1781/992 1170/1787/1050 1202/1783/1050
f 1169/1785/992 1201/1790/992 1203/1786/991
f 1170/1787/1050 1168/2298/998 1200/1788/992
f 1169/1785/992 1167/1791/1052 1199/1789/1051
f 1167/1791/1052 1180/1714/998 1212/1715/992
f 1166/1792/1050 1178/1713/992 1210/1712/992
f 1168/1794/998 1166/1792/1050 1197/1793/1050
f 1170/1750/1027 1225/1749/1026 1224/1814/1070
f 1215/1816/1071 1214/2296/1356 1165/1731/1008
f 1298/1817/135 1281/1821/1074 1282/1818/1072
f 1253/1820/1073 1255/1859/1101 1282/1818/1072
f 1305/1822/136 1288/1865/1107 1289/1823/1075
f 1299/1819/137 1282/1818/1072 1283/1825/1076
f 1306/1824/138 1289/1823/1075 1290/1827/1077
f 1300/1826/139 1283/1825/1076 1284/1829/1078
f 1307/1828/140 1290/1827/1077 1291/1831/1080
f 1301/1830/1079 1284/1829/1078 1285/1833/1081
f 1308/1832/142 1291/1831/1080 1292/1835/1082
f 1302/1834/128 1285/1833/1081 1286/1837/1084
f 1309/1836/1083 1292/1835/1082 1293/1839/1085
f 1303/1838/132 1286/1837/1084 1287/1841/1086
f 1280/1843/1087 1281/1821/1074 1298/1817/135
f 1287/1841/1086 1288/1865/1107 1305/1822/136
f 1248/1845/1088 1231/1896/1113 1232/1846/1089
f 1278/1848/1091 1293/1839/1085 1277/1849/1092
f 1249/1851/1094 1251/2299/1096 1280/1852/1087
f 1251/1854/1096 1253/1820/1073 1281/1821/1074
f 1254/1855/1097 1234/1897/1135 1235/1856/1098
f 1257/1858/1100 1283/1825/1076 1282/1818/1072
f 1259/1860/1102 1284/1829/1078 1283/1825/1076
f 1261/1861/1103 1285/1833/1081 1284/1829/1078
f 1263/1862/1104 1286/1837/1084 1285/1833/1081
f 1265/1863/1105 1287/1841/1086 1286/1837/1084
f 1267/1864/1106 1288/1865/1107 1287/1841/1086
f 1288/1865/1107 1267/1864/1106 1269/1866/1108
f 1271/1867/1109 1290/1827/1077 1289/1823/1075
f 1271/1867/1109 1273/1868/1110 1291/1831/1080
f 1273/1868/1110 1275/1869/1111 1292/1835/1082
f 1275/1869/1111 1277/1849/1092 1293/1839/1085
f 1231/1872/1113 1230/2300/1137 1245/2301/1128
f 1245/2301/1128 1244/2302/1123 1243/2303/1119
f 1243/2303/1119 1242/2304/1116 1239/1870/1112
f 1242/2304/1116 1241/2305/1115 1239/1870/1112
f 1241/2305/1115 1240/2306/1132 1239/1870/1112
f 1239/1870/1112 1238/2307/1125 1237/2308/1122
f 1237/2308/1122 1236/2309/1117 1235/1871/1098
f 1235/1871/1098 1234/2310/1135 1233/2311/1131
f 1233/2311/1131 1232/2312/1089 1231/1872/1113
f 1231/1872/1113 1245/2301/1128 1243/2303/1119
f 1239/1870/1112 1237/2308/1122 1235/1871/1098
f 1235/1871/1098 1233/2311/1131 1231/1872/1113
f 1231/1872/1113 1243/2303/1119 1239/1870/1112
f 1270/1873/1114 1268/1898/1136 1241/1874/1115
f 1256/1857/1099 1235/1856/1098 1236/1876/1117
f 1270/1873/1114 1242/1875/1116 1243/1878/1119
f 1260/1880/1121 1258/1877/1118 1236/1876/1117
f 1272/1879/1120 1243/1878/1119 1244/1882/1123
f 1260/1880/1121 1237/1881/1122 1238/1884/1125
f 1276/1886/1127 1274/1883/1124 1244/1882/1123
f 1262/1885/1126 1238/1884/1125 1239/1888/1112
f 1252/1890/1130 1250/1899/1090 1232/1891/1089
f 1247/1850/1093 1249/1851/1094 1279/1853/1095
f 1264/1889/1129 1239/1888/1112 1240/1893/1132
f 1246/1895/1134 1230/1900/1137 1231/1896/1113
f 1252/1890/1130 1233/1892/1131 1234/1897/1135
f 1268/1898/1136 1266/1894/1133 1240/1893/1132
f 1250/1847/1090 1251/2299/1096 1249/1851/1094
f 1252/1890/1130 1253/1820/1073 1251/1854/1096
f 1254/1855/1097 1255/1859/1101 1253/1820/1073
f 1254/1855/1097 1256/1857/1099 1257/1858/1100
f 1256/1857/1099 1258/1877/1118 1259/1860/1102
f 1258/1877/1118 1260/1880/1121 1261/1861/1103
f 1260/1880/1121 1262/1885/1126 1263/1862/1104
f 1262/1885/1126 1264/1889/1129 1265/1863/1105
f 1264/1889/1129 1266/1894/1133 1267/1864/1106
f 1266/1894/1133 1268/1898/1136 1269/1866/1108
f 1268/1898/1136 1270/1873/1114 1271/1867/1109
f 1272/1879/1120 1273/1868/1110 1271/1867/1109
f 1274/1883/1124 1275/1869/1111 1273/1868/1110
f 1276/1886/1127 1277/1849/1092 1275/1869/1111
f 1276/1886/1127 1245/1887/1128 1230/1900/1137
f 1248/1845/1088 1249/1851/1094 1247/1850/1093
f 1295/1840/207 1293/1839/1085 1278/1848/1091
f 1294/1901/129 1278/1848/1091 1279/1853/1095
f 1296/1902/131 1279/1853/1095 1280/1852/1087
f 1246/1895/1134 1247/1850/1093 1277/1849/1092
f 1314/1904/160 1366/1945/1159 1368/1905/1138
f 1310/1908/166 1311/2313/166 1312/2314/166
f 1312/2314/166 1313/2315/166 1314/2316/166
f 1314/2316/166 1315/2317/166 1316/2318/166
f 1316/2318/166 1317/2319/166 1318/1909/166
f 1318/1909/166 1319/2320/166 1320/2321/166
f 1320/2321/166 1321/2322/166 1322/2323/166
f 1322/2323/166 1323/2324/166 1324/1907/166
f 1324/1907/166 1325/2325/166 1310/1908/166
f 1310/1908/166 1312/2314/166 1314/2316/166
f 1314/2316/166 1316/2318/166 1310/1908/166
f 1316/2318/166 1318/1909/166 1310/1908/166
f 1318/1909/166 1320/2321/166 1322/2323/166
f 1322/2323/166 1324/1907/166 1318/1909/166
f 1359/1910/1139 1361/1977/1190 1360/1911/1140
f 1342/1913/1142 1391/2013/1208 1435/1914/1143
f 1321/1916/147 1380/1946/1160 1382/1917/1145
f 1315/1906/161 1368/1905/1138 1370/1919/1146
f 1322/1918/146 1382/1917/1145 1384/1921/1147
f 1316/1920/152 1370/1919/1146 1372/1923/1148
f 1323/1922/164 1384/1921/1147 1386/1925/1149
f 1317/1924/157 1372/1923/1148 1374/1927/1150
f 1324/1926/163 1386/1925/1149 1388/1929/1151
f 1311/1931/145 1360/1911/1140 1362/1932/1152
f 1318/1928/162 1374/1927/1150 1376/1934/1153
f 1326/1936/1154 1359/1910/1139 1389/1937/1155
f 1325/1930/156 1388/1929/1151 1358/1912/1141
f 1312/1933/144 1362/1932/1152 1364/1940/1157
f 1319/1935/158 1376/1934/1153 1378/1942/1158
f 1313/1944/153 1364/1981/1157 1366/1945/1159
f 1320/1943/159 1378/1942/1158 1380/1946/1160
f 1328/1947/1161 1329/2326/1165 1365/1948/1162
f 1330/1950/1164 1367/1954/1167 1365/1951/1162
f 1330/1950/1164 1331/1956/1169 1369/1953/1166
f 1332/1955/1168 1371/1958/1171 1369/1953/1166
f 1332/1955/1168 1333/1960/1173 1373/1957/1170
f 1334/1959/1172 1375/1962/1175 1373/1957/1170
f 1334/1959/1172 1335/1964/1177 1377/1961/1174
f 1336/1963/1176 1379/1966/1179 1377/1961/1174
f 1336/1963/1176 1337/1968/1181 1381/1965/1178
f 1338/1967/1180 1383/1970/1183 1381/1965/1178
f 1338/1967/1180 1339/1972/1185 1385/1969/1182
f 1340/1971/1184 1387/1973/1186 1385/1969/1182
f 1340/1971/1184 1341/1938/1156 1389/1937/1155
f 1392/1974/1187 1395/2015/1210 1394/1975/1188
f 1328/1947/1161 1363/1949/1163 1361/1977/1190
f 1341/1979/156 1436/2008/1204 1390/1976/1189
f 1310/1939/155 1358/1912/1141 1360/1911/1140
f 1363/1949/1163 1362/1932/1152 1360/1911/1140
f 1365/1948/1162 1364/1940/1157 1362/1932/1152
f 1367/1954/1167 1366/1945/1159 1364/1981/1157
f 1369/1953/1166 1368/1905/1138 1366/1945/1159
f 1371/1958/1171 1370/1919/1146 1368/1905/1138
f 1373/1957/1170 1372/1923/1148 1370/1919/1146
f 1375/1962/1175 1374/1927/1150 1372/1923/1148
f 1377/1961/1174 1376/1934/1153 1374/1927/1150
f 1379/1966/1179 1378/1942/1158 1376/1934/1153
f 1381/1965/1178 1380/1946/1160 1378/1942/1158
f 1383/1970/1183 1382/1917/1145 1380/1946/1160
f 1385/1969/1182 1384/1921/1147 1382/1917/1145
f 1387/1973/1186 1386/1925/1149 1384/1921/1147
f 1389/1937/1155 1388/1929/1151 1386/1925/1149
f 1359/1910/1139 1358/1912/1141 1388/1929/1151
f 1326/1936/1154 1327/1978/1191 1361/1977/1190
f 1328/1982/144 1397/2012/1207 1400/1983/1192
f 1329/1985/153 1400/2019/1192 1403/1986/1193
f 1330/1987/160 1403/1986/1193 1406/1988/1194
f 1331/1989/161 1406/1988/1194 1409/1990/1195
f 1332/1991/152 1409/1990/1195 1412/1992/1196
f 1333/1993/157 1412/1992/1196 1415/1994/1197
f 1334/1995/162 1415/1994/1197 1418/1996/1198
f 1335/1997/158 1418/1996/1198 1421/1998/1199
f 1336/1999/159 1421/1998/1199 1424/2000/1200
f 1337/2001/147 1424/2000/1200 1427/2002/1201
f 1338/2003/146 1427/2002/1201 1430/2004/1202
f 1339/2005/164 1430/2004/1202 1433/2006/1203
f 1340/2007/163 1433/2006/1203 1436/2008/1204
f 1393/2009/1205 1391/2013/1208 1342/1913/1142
f 1327/2011/145 1394/1975/1188 1397/2012/1207
f 1393/2009/1205 1395/2015/1210 1392/1974/1187
f 1398/2014/1209 1397/2012/1207 1394/1975/1188
f 1396/2016/1211 1398/2014/1209 1395/2015/1210
f 1398/2014/1209 1401/2017/1212 1400/1983/1192
f 1396/2016/1211 1399/2327/1215 1401/2017/1212
f 1404/2018/1213 1403/1986/1193 1400/2019/1192
f 1402/2021/1214 1404/2018/1213 1401/2020/1212
f 1407/2023/1216 1406/1988/1194 1403/1986/1193
f 1405/2024/1217 1407/2023/1216 1404/2018/1213
f 1410/2025/1218 1409/1990/1195 1406/1988/1194
f 1408/2026/1219 1410/2025/1218 1407/2023/1216
f 1410/2025/1218 1413/2027/1220 1412/1992/1196
f 1408/2026/1219 1411/2030/1223 1413/2027/1220
f 1416/2028/1221 1415/1994/1197 1412/1992/1196
f 1414/2029/1222 1416/2028/1221 1413/2027/1220
f 1419/2031/1224 1418/1996/1198 1415/1994/1197
f 1417/2032/1225 1419/2031/1224 1416/2028/1221
f 1422/2033/1226 1421/1998/1199 1418/1996/1198
f 1420/2034/1227 1422/2033/1226 1419/2031/1224
f 1422/2033/1226 1425/2035/1228 1424/2000/1200
f 1420/2034/1227 1423/2038/1231 1425/2035/1228
f 1428/2036/1229 1427/2002/1201 1424/2000/1200
f 1426/2037/1230 1428/2036/1229 1425/2035/1228
f 1431/2039/1232 1430/2004/1202 1427/2002/1201
f 1429/2040/1233 1431/2039/1232 1428/2036/1229
f 1434/2041/1234 1433/2006/1203 1430/2004/1202
f 1432/2042/1235 1434/2041/1234 1431/2039/1232
f 1434/2041/1234 1437/2043/1236 1436/2008/1204
f 1432/2042/1235 1435/1914/1143 1437/2043/1236
f 1392/1974/1187 1390/1976/1189 1436/2008/1204
f 1391/2013/1208 1392/1974/1187 1437/2043/1236
f 1326/1980/155 1390/1976/1189 1394/1975/1188
f 1345/2044/1237 1399/2327/1215 1396/2016/1211
f 1346/2046/1239 1402/2021/1214 1399/2022/1215
f 1405/2024/1217 1402/2021/1214 1346/2046/1239
f 1408/2026/1219 1405/2024/1217 1347/2048/1240
f 1349/2050/1242 1411/2030/1223 1408/2026/1219
f 1420/2034/1227 1417/2032/1225 1351/2051/1243
f 1350/2053/1245 1351/2051/1243 1417/2032/1225
f 1353/2054/1246 1423/2038/1231 1420/2034/1227
f 1354/2055/1247 1426/2037/1230 1423/2038/1231
f 1429/2040/1233 1426/2037/1230 1354/2055/1247
f 1432/2042/1235 1429/2040/1233 1355/2056/1248
f 1357/1915/1144 1435/1914/1143 1432/2042/1235
f 1350/2053/1245 1414/2029/1222 1411/2030/1223
f 1396/2016/1211 1393/2009/1205 1343/2010/1206
f 1450/2058/1250 1444/2062/1254 1443/2059/1251
f 1451/2061/1253 1445/2073/1264 1444/2062/1254
f 1447/2063/1255 1448/2328/1263 1442/2064/1256
f 1453/2066/1258 1438/2329/1357 1440/2067/1259
f 1446/2069/1261 1447/2063/1255 1441/2065/1257
f 1448/2071/1263 1449/2060/1252 1443/2059/1251
f 1452/2068/1260 1440/2067/1259 1445/2073/1264
f 1439/2070/1262 1438/2329/1357 1453/2066/1258
f 1344/2076/1238 1343/2330/1206 1342/2331/1142
f 1342/2331/1142 1357/2332/1144 1344/2076/1238
f 1357/2332/1144 1356/2333/1249 1344/2076/1238
f 1356/2333/1249 1355/2334/1248 1352/2074/1244
f 1355/2334/1248 1354/2335/1247 1352/2074/1244
f 1354/2335/1247 1353/2336/1246 1352/2074/1244
f 1352/2074/1244 1351/2337/1243 1348/2075/1241
f 1351/2337/1243 1350/2338/1245 1348/2075/1241
f 1350/2338/1245 1349/2339/1242 1348/2075/1241
f 1348/2075/1241 1347/2340/1240 1346/2341/1239
f 1346/2341/1239 1345/2342/1237 1348/2075/1241
f 1345/2342/1237 1344/2076/1238 1348/2075/1241
f 1344/2076/1238 1356/2333/1249 1352/2074/1244
f 1455/2080/1267 1456/2343/1358 1472/2081/1268
f 1472/2081/1268 1456/2343/1358 1457/2083/1270
f 1457/2083/1270 1458/2086/1273 1474/2085/1272
f 1458/2086/1273 1459/2088/1275 1475/2087/1274
f 1459/2088/1275 1460/2344/1359 1476/2089/1276
f 1476/2089/1276 1460/2344/1359 1461/2090/1277
f 1461/2090/1277 1462/2345/1360 1478/2092/1279
f 1478/2092/1279 1462/2345/1360 1463/2093/1280
f 1463/2093/1280 1464/2346/1361 1480/2095/1282
f 1480/2095/1282 1464/2346/1361 1465/2096/1283
f 1465/2096/1283 1466/2347/1362 1482/2098/1285
f 1482/2098/1285 1466/2347/1362 1467/2099/1286
f 1467/2099/1286 1468/2348/1363 1484/2101/1288
f 1484/2101/1288 1468/2348/1363 1469/2102/1289
f 1469/2104/1289 1454/2349/1364 1470/2077/1265
f 1505/2111/1295 1489/2350/1365 1488/2112/1296
f 1490/2113/1297 1489/2350/1365 1505/2111/1295
f 1491/2115/1299 1490/2113/1297 1506/2114/1298
f 1492/2116/1300 1491/2115/1299 1507/2110/1294
f 1509/2117/1301 1493/2351/1366 1492/2116/1300
f 1494/2118/1302 1493/2351/1366 1509/2117/1301
f 1495/2120/1304 1494/2118/1302 1510/2119/1303
f 1496/2122/1306 1495/2120/1304 1511/2121/1305
f 1513/2124/1308 1497/2352/1367 1496/2122/1306
f 1498/2125/1309 1497/2352/1367 1513/2124/1308
f 1499/2127/1311 1498/2125/1309 1514/2126/1310
f 1500/2129/1313 1499/2127/1311 1515/2128/1312
f 1517/2131/1315 1501/2353/1368 1500/2129/1313
f 1502/2132/1316 1501/2353/1368 1517/2131/1315
f 1502/2134/1316 1518/2108/1292 1503/2105/1290
f 1469/2136/1318 1502/2354/1344 1487/2137/1319
f 1455/2139/1321 1454/2138/1320 1487/2137/1319
f 1456/2141/1323 1455/2139/1321 1488/2140/1322
f 1456/2141/1323 1489/2142/1323 1490/2143/1324
f 1457/2144/1324 1490/2143/1324 1491/2145/1325
f 1458/2146/1325 1491/2145/1325 1492/2147/1326
f 1459/2148/1327 1492/2147/1326 1493/2149/1328
f 1460/2150/1329 1493/2149/1328 1494/2151/1330
f 1461/2152/1331 1494/2151/1330 1495/2153/1332
f 1463/2155/1334 1462/2154/1333 1495/2153/1332
f 1463/2155/1334 1496/2156/1335 1497/2157/1336
f 1464/2158/1337 1497/2157/1336 1498/2159/1338
f 1465/2160/1338 1498/2159/1338 1499/2161/1339
f 1466/2162/1339 1499/2161/1339 1500/2163/1340
f 1467/2164/1341 1500/2163/1340 1501/2165/1342
f 1468/2166/1343 1501/2165/1342 1502/2167/1344
f 1470/2077/1265 1454/2349/1364 1455/2080/1267
f 1504/2107/1291 1488/2112/1296 1487/2135/1317
